study_id	animal	date	weight
CMR-1313	85367.1	2021-05-12	27.4
CMR-1313	85367.1	2021-05-19	27.8
CMR-1313	85367.1	2021-05-26	27.8
CMR-1313	85367.1	2021-06-02	27.8
CMR-1313	85367.2	2021-05-12	26.2
CMR-1313	85367.2	2021-05-19	26.5
CMR-1313	85367.2	2021-05-26	26.8
CMR-1313	85367.2	2021-06-02	27.2
CMR-1313	85367.3	2021-05-12	24.8
CMR-1313	85367.3	2021-05-19	25.1
CMR-1313	85367.3	2021-05-26	25.6
CMR-1313	85367.3	2021-06-02	26.1
CMR-1313	85367.4	2021-05-12	26.5
CMR-1313	85367.4	2021-05-19	27.2
CMR-1313	85367.4	2021-05-26	28.2
CMR-1313	85367.4	2021-06-02	29
CMR-1313	85368.1	2021-05-04	23.5
CMR-1313	85368.1	2021-05-12	24.6
CMR-1313	85368.1	2021-05-19	24.1
CMR-1313	85368.1	2021-05-26	24.4
CMR-1313	85368.1	2021-06-02	24
CMR-1313	85368.2	2021-05-04	20.4
CMR-1313	85368.2	2021-05-12	22
CMR-1313	85368.2	2021-05-19	23
CMR-1313	85368.2	2021-05-26	21.5
CMR-1313	85368.2	2021-06-02	21.1
CMR-1313	85368.3	2021-05-04	20.2
CMR-1313	85368.3	2021-05-12	20.8
CMR-1313	85368.3	2021-05-19	20.9
CMR-1313	85368.3	2021-05-26	21
CMR-1313	85368.3	2021-06-02	22
CMR-1313	85369.2	2021-05-04	19.5
CMR-1313	85369.2	2021-05-12	19.5
CMR-1313	85369.2	2021-05-19	21.5
CMR-1313	85369.2	2021-05-26	22.3
CMR-1313	85369.2	2021-06-02	21.6
CMR-1313	85370.3	2021-05-04	29.5
CMR-1313	85370.3	2021-05-12	29.3
CMR-1313	85370.3	2021-05-19	29.6
CMR-1313	85370.3	2021-05-26	29.8
CMR-1313	85370.3	2021-06-02	30
CMR-1313	85370.4	2021-05-04	28.9
CMR-1313	85370.4	2021-05-12	27.6
CMR-1313	85370.4	2021-05-19	27.9
CMR-1313	85370.4	2021-05-26	27.6
CMR-1313	85370.4	2021-06-02	27.5
CMR-1313	85371.1	2021-05-12	29.2
CMR-1313	85371.1	2021-05-19	28.2
CMR-1313	85371.1	2021-05-26	29.6
CMR-1313	85371.1	2021-06-02	29.6
CMR-1313	85373.1	2021-05-12	26.9
CMR-1313	85373.1	2021-05-19	27.1
CMR-1313	85373.1	2021-05-26	27.6
CMR-1313	85373.1	2021-06-02	27.6
CMR-1313	85374.1	2021-05-12	24.4
CMR-1313	85374.1	2021-05-19	24.1
CMR-1313	85374.1	2021-05-26	24.7
CMR-1313	85374.1	2021-06-02	24.4
CMR-1313	85374.2	2021-05-12	31.1
CMR-1313	85374.2	2021-05-19	31.3
CMR-1313	85374.2	2021-05-26	30.9
CMR-1313	85374.2	2021-06-02	30.8
CMR-1313	85374.3	2021-05-12	28
CMR-1313	85374.3	2021-05-19	28.7
CMR-1313	85374.3	2021-05-26	28.8
CMR-1313	85374.3	2021-06-02	28.5
CMR-1313	85374.4	2021-05-12	32.1
CMR-1313	85374.4	2021-05-19	32.2
CMR-1313	85374.4	2021-05-26	32.4
CMR-1313	85374.4	2021-06-02	31.5
CMR-1313	85382.1	2021-05-12	17.3
CMR-1313	85382.1	2021-05-19	18.4
CMR-1313	85382.1	2021-05-26	18.7
CMR-1313	85382.1	2021-06-02	19.1
CMR-1313	85382.2	2021-05-12	19.1
CMR-1313	85382.3	2021-05-12	18.8
CMR-1313	85382.3	2021-05-19	19.7
CMR-1313	85382.3	2021-05-26	20.5
CMR-1313	85382.3	2021-06-02	21.7
CMR-1313	85381.1	2021-05-12	21.8
CMR-1313	85381.1	2021-05-19	23.5
CMR-1313	85381.1	2021-05-26	25.5
CMR-1313	85381.1	2021-06-02	26
CMR-1313	85380.1	2021-05-12	17.9
CMR-1313	85380.1	2021-05-19	18.3
CMR-1313	85380.1	2021-05-26	18.8
CMR-1313	85380.1	2021-06-02	20
CMR-1313	85380.2	2021-05-12	15.2
CMR-1313	85380.2	2021-05-19	15.8
CMR-1313	85380.2	2021-05-26	17.5
CMR-1313	85380.2	2021-06-02	17.9
CMR-1313	85380.3	2021-05-12	16.7
CMR-1313	85380.3	2021-05-19	18.2
CMR-1313	85380.3	2021-05-26	19.5
CMR-1313	85380.3	2021-06-02	19.7
CMR-1313	85380.4	2021-05-12	16.4
CMR-1313	85380.4	2021-05-19	17.1
CMR-1313	85380.4	2021-05-26	17.8
CMR-1313	85380.4	2021-06-02	17.8
CMR-1313	85379.1	2021-05-12	18.3
CMR-1313	85379.1	2021-05-19	18.7
CMR-1313	85379.1	2021-05-26	20.1
CMR-1313	85379.1	2021-06-02	20.7
CMR-1313	85379.2	2021-05-12	21.6
CMR-1313	85379.2	2021-05-19	22.3
CMR-1313	85379.2	2021-05-26	23
CMR-1313	85379.2	2021-06-02	24.2
CMR-1313	85379.3	2021-05-12	20.8
CMR-1313	85379.3	2021-05-19	21.1
CMR-1313	85379.3	2021-05-26	21.5
CMR-1313	85379.3	2021-06-02	21.5
CMR-1313	85378.1	2021-05-12	21
CMR-1313	85378.1	2021-05-19	21
CMR-1313	85378.1	2021-05-26	21.8
CMR-1313	85378.1	2021-06-02	21.7
CMR-1313	85378.2	2021-05-12	22
CMR-1313	85378.2	2021-05-19	22.9
CMR-1313	85378.2	2021-05-26	24.4
CMR-1313	85378.2	2021-06-02	24.2
CMR-1313	85378.3	2021-05-12	19.6
CMR-1313	85378.3	2021-05-19	19.8
CMR-1313	85378.3	2021-05-26	20.2
CMR-1313	85378.3	2021-06-02	20.5
CMR-1313	85378.4	2021-05-12	22.9
CMR-1313	85378.4	2021-05-19	24.4
CMR-1313	85378.4	2021-05-26	24.7
CMR-1313	85378.4	2021-06-02	23.3
CMR-1313	85377.1	2021-05-12	24.3
CMR-1313	85377.1	2021-05-19	24.5
CMR-1313	85377.1	2021-05-26	24.4
CMR-1313	85377.1	2021-06-02	25.2
CMR-1313	85377.2	2021-05-12	26.6
CMR-1313	85377.2	2021-05-19	26.4
CMR-1313	85377.2	2021-05-26	27.1
CMR-1313	85377.2	2021-06-02	26.9
CMR-1313	85377.3	2021-05-12	25.6
CMR-1313	85377.3	2021-05-19	26
CMR-1313	85377.3	2021-05-26	26.2
CMR-1313	85377.3	2021-06-02	27
CMR-1313	85377.4	2021-05-12	26
CMR-1313	85377.4	2021-05-19	26.5
CMR-1313	85377.4	2021-05-26	26.3
CMR-1313	85377.4	2021-06-02	26.9
CMR-1313	85377.5	2021-05-12	28
CMR-1313	85377.5	2021-05-19	27.7
CMR-1313	85377.5	2021-05-26	28.4
CMR-1313	85377.5	2021-06-02	28.8
CMR-1313	85376.1	2021-05-12	22.3
CMR-1313	85376.1	2021-05-19	21.8
CMR-1313	85376.1	2021-05-26	22.6
CMR-1313	85376.1	2021-06-02	22.3
CMR-1313	85376.2	2021-05-12	21.6
CMR-1313	85376.2	2021-05-19	21.7
CMR-1313	85376.2	2021-05-26	22.4
CMR-1313	85376.2	2021-06-02	22
CMR-1313	85376.3	2021-05-12	22.6
CMR-1313	85376.3	2021-05-19	22.7
CMR-1313	85376.3	2021-05-26	24.4
CMR-1313	85376.3	2021-06-02	23.3
CMR-1313	80575.1	2021-06-10	28
CMR-1313	80575.1	2021-06-23	28.5
CMR-1313	80575.1	2021-06-30	28.8
CMR-1313	80575.2	2021-06-10	28
CMR-1313	80575.2	2021-06-23	28.8
CMR-1313	80575.2	2021-06-30	29.3
CMR-1313	80575.3	2021-06-10	26
CMR-1313	80575.4	2021-06-10	27
CMR-1313	80575.4	2021-06-23	29
CMR-1313	80575.4	2021-06-30	29.6
CMR-1313	80575.5	2021-06-10	26
CMR-1313	80575.5	2021-06-23	28.7
CMR-1313	80575.5	2021-06-30	29.4
CMR-1313	80576.1	2021-06-10	20
CMR-1313	80576.1	2021-06-23	21.3
CMR-1313	80576.1	2021-06-30	22.7
CMR-1313	80576.2	2021-06-10	20
CMR-1313	80576.2	2021-06-23	21.1
CMR-1313	80576.2	2021-06-30	22.2
CMR-1313	80576.3	2021-06-10	21
CMR-1313	80576.3	2021-06-23	22.3
CMR-1313	80576.3	2021-06-30	23.5
CMR-1313	80577.1	2021-06-10	20
CMR-1313	80577.1	2021-06-23	21.4
CMR-1313	80577.1	2021-06-30	22.4
CMR-1313	80577.2	2021-06-10	21
CMR-1313	80577.2	2021-06-23	22.2
CMR-1313	80577.2	2021-06-30	22.8
CMR-1313	80577.3	2021-06-10	20
CMR-1313	80577.3	2021-06-23	21.5
CMR-1313	80577.3	2021-06-30	22.3
CMR-1313	80581.1	2021-06-10	19
CMR-1313	80581.1	2021-06-23	21.7
CMR-1313	80581.1	2021-06-30	23.9
CMR-1313	80581.2	2021-06-10	20
CMR-1313	80581.2	2021-06-23	22.9
CMR-1313	80581.2	2021-06-30	24.2
CMR-1313	80581.3	2021-06-10	22
CMR-1313	80581.3	2021-06-23	22.6
CMR-1313	80581.3	2021-06-30	24.3
CMR-1313	80581.4	2021-06-10	19
CMR-1313	80581.4	2021-06-23	22
CMR-1313	80581.4	2021-06-30	23.1
CMR-1313	80581.5	2021-06-10	21
CMR-1313	80581.5	2021-06-23	22.7
CMR-1313	80581.5	2021-06-30	24
CMR-1313	80582.1	2021-06-10	16
CMR-1313	80582.1	2021-06-23	18.1
CMR-1313	80582.1	2021-06-30	20
CMR-1313	80582.2	2021-06-10	17
CMR-1313	80582.2	2021-06-23	17.5
CMR-1313	80582.2	2021-06-30	18.3
CMR-1313	80582.3	2021-06-10	16
CMR-1313	80582.3	2021-06-23	17.8
CMR-1313	80582.3	2021-06-30	18.9
CMR-1403	88072.1	2020-07-07	17.5
CMR-1403	88072.2	2020-07-07	18.4
CMR-1403	88072.3	2020-07-07	17.7
CMR-1403	88073.1	2020-07-07	17.3
CMR-1403	88073.2	2020-07-07	18.1
CMR-1403	88073.3	2020-07-07	18.8
CMR-1403	88074.1	2020-07-07	19.4
CMR-1403	88074.2	2020-07-07	18.2
CMR-1403	88074.3	2020-07-07	19
CMR-1403	88075.1	2020-07-07	17
CMR-1403	88075.2	2020-07-07	18.6
CMR-1403	88075.3	2020-07-07	18.8
CMR-1403	88076.1	2020-07-07	18.8
CMR-1403	88076.2	2020-07-07	18.9
CMR-1403	88076.3	2020-07-07	19.5
CMR-1403	88083.1	2020-07-07	24.4
CMR-1403	88083.2	2020-07-07	26.6
CMR-1403	88083.3	2020-07-07	25
CMR-1403	88084.1	2020-07-07	22.4
CMR-1403	88084.2	2020-07-07	25.5
CMR-1403	88084.3	2020-07-07	23
CMR-1403	88085.1	2020-07-07	25.6
CMR-1403	88085.2	2020-07-07	25.6
CMR-1403	88085.3	2020-07-07	25
CMR-1403	84065.1	2020-07-07	26.5
CMR-1403	88086.2	2020-07-07	23.6
CMR-1403	88086.3	2020-07-07	26.1
CMR-1403	88067.1	2020-07-08	18.5
CMR-1403	88067.2	2020-07-08	19.1
CMR-1403	88067.3	2020-07-08	17.9
CMR-1403	88068.1	2020-07-08	17.3
CMR-1403	88068.2	2020-07-08	18.4
CMR-1403	88068.3	2020-07-08	18
CMR-1403	88069.1	2020-07-08	17.7
CMR-1403	88069.2	2020-07-08	18.1
CMR-1403	88069.3	2020-07-08	19.1
CMR-1403	88070.1	2020-07-08	18
CMR-1403	88070.2	2020-07-08	18.5
CMR-1403	88070.3	2020-07-08	17
CMR-1403	88071.1	2020-07-08	18.5
CMR-1403	88071.2	2020-07-08	17.6
CMR-1403	88071.3	2020-07-08	19.9
CMR-1403	88077.1	2020-07-08	26.4
CMR-1403	88077.2	2020-07-08	24.7
CMR-1403	88077.3	2020-07-08	22
CMR-1403	88078.1	2020-07-08	24.2
CMR-1403	88079.1	2020-07-08	25.3
CMR-1403	88079.2	2020-07-08	21.3
CMR-1403	88079.3	2020-07-08	25.9
CMR-1403	88080.1	2020-07-08	22.1
CMR-1403	88080.2	2020-07-08	20.4
CMR-1403	88080.3	2020-07-08	21.7
CMR-1403	88081.1	2020-07-08	22.5
CMR-1403	88081.2	2020-07-08	22.1
CMR-1403	88081.3	2020-07-08	25.7
CMR-1403	88082.1	2020-07-08	27.3
CMR-1403	88082.2	2020-07-08	24.3
CMR-1403	88082.3	2020-07-08	28.1
CMR-1403	88067.1	2020-07-14	19.2
CMR-1403	88067.2	2020-07-14	18.4
CMR-1403	88067.3	2020-07-14	18.1
CMR-1403	88068.1	2020-07-14	17.4
CMR-1403	88068.2	2020-07-14	18.4
CMR-1403	88068.3	2020-07-14	17.2
CMR-1403	88069.1	2020-07-14	18.1
CMR-1403	88069.2	2020-07-14	18.5
CMR-1403	88069.3	2020-07-14	18.5
CMR-1403	88070.1	2020-07-14	18.4
CMR-1403	88070.2	2020-07-14	18.6
CMR-1403	88070.3	2020-07-14	17.4
CMR-1403	88071.1	2020-07-14	17.8
CMR-1403	88071.2	2020-07-14	17.7
CMR-1403	88071.3	2020-07-14	19.7
CMR-1403	88072.1	2020-07-14	18.2
CMR-1403	88072.2	2020-07-14	18.4
CMR-1403	88072.3	2020-07-14	18.2
CMR-1403	88073.1	2020-07-14	18.1
CMR-1403	88073.2	2020-07-14	18.3
CMR-1403	88073.3	2020-07-14	18.4
CMR-1403	88074.1	2020-07-14	20.3
CMR-1403	88074.2	2020-07-14	19
CMR-1403	88074.3	2020-07-14	20.2
CMR-1403	88075.2	2020-07-14	18.4
CMR-1403	88075.3	2020-07-14	19
CMR-1403	88076.1	2020-07-14	18.5
CMR-1403	88076.2	2020-07-14	18.3
CMR-1403	88076.3	2020-07-14	19.3
CMR-1403	88077.1	2020-07-14	25.7
CMR-1403	88077.2	2020-07-14	25.2
CMR-1403	88077.3	2020-07-14	22.8
CMR-1403	88078.1	2020-07-14	25.5
CMR-1403	88079.1	2020-07-14	25.8
CMR-1403	88079.2	2020-07-14	21.6
CMR-1403	88079.3	2020-07-14	27.2
CMR-1403	88080.1	2020-07-14	22.4
CMR-1403	88080.2	2020-07-14	21.2
CMR-1403	88080.3	2020-07-14	21.6
CMR-1403	88081.1	2020-07-14	23.8
CMR-1403	88081.2	2020-07-14	22.7
CMR-1403	88081.3	2020-07-14	28.5
CMR-1403	88082.1	2020-07-14	27.1
CMR-1403	88082.2	2020-07-14	24.6
CMR-1403	88082.3	2020-07-14	28.2
CMR-1403	88083.1	2020-07-14	24.5
CMR-1403	88083.2	2020-07-14	27.5
CMR-1403	88083.3	2020-07-14	25.4
CMR-1403	88084.1	2020-07-14	22.8
CMR-1403	88084.2	2020-07-14	25.7
CMR-1403	88084.3	2020-07-14	24.1
CMR-1403	88085.1	2020-07-14	26.5
CMR-1403	88085.2	2020-07-14	26
CMR-1403	88085.3	2020-07-14	25.5
CMR-1403	84065.1	2020-07-14	27.6
CMR-1403	88086.2	2020-07-14	22.6
CMR-1403	88086.3	2020-07-14	25.8
CMR-1403	88067.1	2020-07-22	20.3
CMR-1403	88067.2	2020-07-22	20.2
CMR-1403	88067.3	2020-07-22	20.3
CMR-1403	88068.1	2020-07-22	18.6
CMR-1403	88068.2	2020-07-22	21.1
CMR-1403	88068.3	2020-07-22	18.9
CMR-1403	88069.1	2020-07-22	19.7
CMR-1403	88069.2	2020-07-22	20.4
CMR-1403	88069.3	2020-07-22	20.7
CMR-1403	88070.1	2020-07-22	20.2
CMR-1403	88070.2	2020-07-22	19.6
CMR-1403	88070.3	2020-07-22	20
CMR-1403	88071.1	2020-07-22	19.4
CMR-1403	88071.2	2020-07-22	19
CMR-1403	88071.3	2020-07-22	21.8
CMR-1403	88072.1	2020-07-22	19.7
CMR-1403	88072.2	2020-07-22	21.1
CMR-1403	88072.3	2020-07-22	19.6
CMR-1403	88073.1	2020-07-22	20.1
CMR-1403	88073.2	2020-07-22	19.2
CMR-1403	88073.3	2020-07-22	19.7
CMR-1403	88074.1	2020-07-22	20.9
CMR-1403	88074.2	2020-07-22	20.3
CMR-1403	88074.3	2020-07-22	21.5
CMR-1403	88075.2	2020-07-22	19.9
CMR-1403	88075.3	2020-07-22	21.3
CMR-1403	88076.1	2020-07-22	19.4
CMR-1403	88076.2	2020-07-22	19.3
CMR-1403	88076.3	2020-07-22	20.6
CMR-1403	88077.1	2020-07-22	24.4
CMR-1403	88077.2	2020-07-22	26.7
CMR-1403	88077.3	2020-07-22	23.2
CMR-1403	88078.1	2020-07-22	26
CMR-1403	88079.1	2020-07-22	27
CMR-1403	88079.2	2020-07-22	22.8
CMR-1403	88079.3	2020-07-22	27
CMR-1403	88080.1	2020-07-22	23.6
CMR-1403	88080.2	2020-07-22	23.3
CMR-1403	88080.3	2020-07-22	23.3
CMR-1403	88081.1	2020-07-22	24.8
CMR-1403	88081.2	2020-07-22	23.5
CMR-1403	88081.3	2020-07-22	29
CMR-1403	88082.1	2020-07-22	28
CMR-1403	88082.2	2020-07-22	26.1
CMR-1403	88082.3	2020-07-22	29.8
CMR-1403	88083.2	2020-07-22	28.9
CMR-1403	88083.3	2020-07-22	27
CMR-1403	88084.1	2020-07-22	23.5
CMR-1403	88084.2	2020-07-22	26.6
CMR-1403	88084.3	2020-07-22	24.8
CMR-1403	88085.1	2020-07-22	27
CMR-1403	88085.2	2020-07-22	27.2
CMR-1403	88085.3	2020-07-22	26.9
CMR-1403	84065.1	2020-07-22	28.3
CMR-1403	88086.2	2020-07-22	23.6
CMR-1403	88086.3	2020-07-22	27.1
CMR-1403	88072.1	2021-07-07	17.5
CMR-1403	88072.2	2021-07-07	18.4
CMR-1403	88072.3	2021-07-07	17.7
CMR-1403	88073.1	2021-07-07	17.3
CMR-1403	88073.2	2021-07-07	18.1
CMR-1403	88073.3	2021-07-07	18.8
CMR-1403	88074.1	2021-07-07	19.4
CMR-1403	88074.2	2021-07-07	18.2
CMR-1403	88074.3	2021-07-07	19
CMR-1403	88075.2	2021-07-07	18.6
CMR-1403	88075.3	2021-07-07	18.8
CMR-1403	88076.1	2021-07-07	18.8
CMR-1403	88076.2	2021-07-07	18.9
CMR-1403	88076.3	2021-07-07	19.5
CMR-1403	88083.1	2021-07-07	24.4
CMR-1403	88083.2	2021-07-07	26.6
CMR-1403	88083.3	2021-07-07	25
CMR-1403	88084.1	2021-07-07	22.4
CMR-1403	88084.2	2021-07-07	25.5
CMR-1403	88084.3	2021-07-07	23
CMR-1403	88085.1	2021-07-07	25.6
CMR-1403	88085.2	2021-07-07	25.6
CMR-1403	88085.3	2021-07-07	25
CMR-1403	84065.1	2021-07-07	26.5
CMR-1403	88086.2	2021-07-07	23.6
CMR-1403	88086.3	2021-07-07	26.1
CMR-1403	88067.1	2021-07-08	18.5
CMR-1403	88067.2	2021-07-08	19.1
CMR-1403	88067.3	2021-07-08	17.9
CMR-1403	88068.1	2021-07-08	17.3
CMR-1403	88068.2	2021-07-08	18.4
CMR-1403	88068.3	2021-07-08	18
CMR-1403	88069.1	2021-07-08	17.7
CMR-1403	88069.2	2021-07-08	18.1
CMR-1403	88069.3	2021-07-08	19.1
CMR-1403	88070.1	2021-07-08	18
CMR-1403	88070.2	2021-07-08	18.5
CMR-1403	88070.3	2021-07-08	17
CMR-1403	88071.1	2021-07-08	18.5
CMR-1403	88071.2	2021-07-08	17.6
CMR-1403	88071.3	2021-07-08	19.9
CMR-1403	88077.1	2021-07-08	26.4
CMR-1403	88077.2	2021-07-08	24.7
CMR-1403	88077.3	2021-07-08	22
CMR-1403	88078.1	2021-07-08	24.2
CMR-1403	88079.1	2021-07-08	25.3
CMR-1403	88079.2	2021-07-08	21.3
CMR-1403	88079.3	2021-07-08	25.9
CMR-1403	88080.1	2021-07-08	22.1
CMR-1403	88080.2	2021-07-08	20.4
CMR-1403	88080.3	2021-07-08	21.7
CMR-1403	88081.1	2021-07-08	22.5
CMR-1403	88081.2	2021-07-08	22.1
CMR-1403	88081.3	2021-07-08	25.7
CMR-1403	88082.1	2021-07-08	27.3
CMR-1403	88082.2	2021-07-08	24.3
CMR-1403	88082.3	2021-07-08	28.1
CMR-1403	88075.1		17
CMR-1418	82487.4	2021-07-20	33
CMR-1418	82488.1	2021-07-20	31.2
CMR-1418	82488.2	2021-07-20	36.1
CMR-1418	82490.1	2021-07-20	34.4
CMR-1418	82490.3	2021-07-20	35.4
CMR-1418	82490.4	2021-07-20	31.4
CMR-1418	84049.1	2021-07-20	23.1
CMR-1418	84049.2	2021-07-20	21.6
CMR-1418	84049.3	2021-07-20	22.8
CMR-1418	84049.5	2021-07-20	19.4
CMR-1418	84050.1	2021-07-20	26.2
CMR-1418	84051.1	2021-07-20	20.8
CMR-1418	84051.2	2021-07-20	20.3
CMR-1418	84051.4	2021-07-20	21.4
CMR-1418	84053.2	2021-07-20	29.7
CMR-1418	84054.1	2021-07-20	21.9
CMR-1418	84063.2	2021-07-20	26
CMR-1418	84064.1	2021-07-20	20.3
CMR-1418	84064.2	2021-07-20	21
CMR-1418	82487.2	2021-07-21	34.3
CMR-1418	82487.3	2021-07-21	32.7
CMR-1418	84055.1	2021-07-21	30.8
CMR-1418	84055.2	2021-07-21	28.7
CMR-1418	84055.3	2021-07-21	28.6
CMR-1418	82487.3	2021-07-30	31.9
CMR-1418	82488.1	2021-07-30	30.2
CMR-1418	82488.2	2021-07-30	35.7
CMR-1418	82490.1	2021-07-30	33.3
CMR-1418	82490.3	2021-07-30	35.3
CMR-1418	82490.4	2021-07-30	31.1
CMR-1418	84049.1	2021-07-30	22.8
CMR-1418	84049.2	2021-07-30	21.9
CMR-1418	84049.3	2021-07-30	23.4
CMR-1418	84049.5	2021-07-30	19.9
CMR-1418	84050.1	2021-07-30	26.6
CMR-1418	84051.1	2021-07-30	20.5
CMR-1418	84051.2	2021-07-30	21.1
CMR-1418	84051.4	2021-07-30	22.4
CMR-1418	84053.2	2021-07-30	28.1
CMR-1418	84054.1	2021-07-30	22.2
CMR-1418	84055.1	2021-07-30	29.9
CMR-1418	84055.2	2021-07-30	29.4
CMR-1418	84055.3	2021-07-30	28.6
CMR-1418	84063.2	2021-07-30	26.8
CMR-1418	84064.1	2021-07-30	21.8
CMR-1418	84064.2	2021-07-30	22.5
CMR-1418	82487.3	2021-08-05	32.7
CMR-1418	82488.1	2021-08-05	32.1
CMR-1418	82488.2	2021-08-05	34.9
CMR-1418	82490.1	2021-08-05	34.8
CMR-1418	82490.3	2021-08-05	36.5
CMR-1418	82490.4	2021-08-05	32.1
CMR-1418	84049.1	2021-08-05	24
CMR-1418	84049.2	2021-08-05	23.1
CMR-1418	84049.3	2021-08-05	24.1
CMR-1418	84049.5	2021-08-05	21.5
CMR-1418	84050.1	2021-08-05	27.4
CMR-1418	84051.1	2021-08-05	21.3
CMR-1418	84051.2	2021-08-05	21.9
CMR-1418	84051.4	2021-08-05	23.3
CMR-1418	84053.2	2021-08-05	28.2
CMR-1418	84054.1	2021-08-05	24.1
CMR-1418	84055.1	2021-08-05	31.5
CMR-1418	84055.2	2021-08-05	30.2
CMR-1418	84055.3	2021-08-05	29.8
CMR-1418	84063.2	2021-08-05	27
CMR-1418	84064.1	2021-08-05	21.9
CMR-1418	84064.2	2021-08-05	22.9
CMR-1418	82487.3	2021-08-13	32.3
CMR-1418	82488.1	2021-08-13	31.3
CMR-1418	82488.2	2021-08-13	35.3
CMR-1418	82490.1	2021-08-13	35.7
CMR-1418	82490.3	2021-08-13	36.2
CMR-1418	82490.4	2021-08-13	32.5
CMR-1418	84049.1	2021-08-13	24.7
CMR-1418	84049.2	2021-08-13	23.8
CMR-1418	84049.3	2021-08-13	24.6
CMR-1418	84049.5	2021-08-13	21.8
CMR-1418	84050.1	2021-08-13	27.5
CMR-1418	84051.1	2021-08-13	21.7
CMR-1418	84051.2	2021-08-13	21.9
CMR-1418	84051.4	2021-08-13	23
CMR-1418	84053.2	2021-08-13	28.6
CMR-1418	84054.1	2021-08-13	24.1
CMR-1418	84055.1	2021-08-13	32.8
CMR-1418	84055.2	2021-08-13	30.8
CMR-1418	84055.3	2021-08-13	27.8
CMR-1418	84063.2	2021-08-13	27.4
CMR-1418	84064.1	2021-08-13	23.4
CMR-1418	84064.2	2021-08-13	23.7
CMR-1418	82487.3	2021-08-19	32.9
CMR-1418	82488.1	2021-08-19	30.9
CMR-1418	82488.2	2021-08-19	36.6
CMR-1418	82490.1	2021-08-19	36
CMR-1418	82490.3	2021-08-19	36.6
CMR-1418	82490.4	2021-08-19	32.6
CMR-1418	84049.1	2021-08-19	24.9
CMR-1418	84049.2	2021-08-19	24.6
CMR-1418	84049.3	2021-08-19	25.6
CMR-1418	84049.5	2021-08-19	23.3
CMR-1418	84050.1	2021-08-19	27.3
CMR-1418	84051.1	2021-08-19	21.7
CMR-1418	84051.2	2021-08-19	22.5
CMR-1418	84051.4	2021-08-19	23
CMR-1418	84053.2	2021-08-19	28.6
CMR-1418	84054.1	2021-08-19	23.6
CMR-1418	84055.1	2021-08-19	32.5
CMR-1418	84055.2	2021-08-19	31.6
CMR-1418	84055.3	2021-08-19	28
CMR-1418	84063.2	2021-08-19	27.8
CMR-1418	84064.1	2021-08-19	24.7
CMR-1418	84064.2	2021-08-19	23.8
CMR-1465	89324.1	2021-08-10	24.1
CMR-1465	89324.2	2021-08-10	22.6
CMR-1465	89324.3	2021-08-10	22.4
CMR-1465	89324.4	2021-08-10	21.7
CMR-1465	89324.5	2021-08-10	21
CMR-1465	89324.6	2021-08-10	21.7
CMR-1465	89325.1	2021-08-10	24
CMR-1465	89325.2	2021-08-10	24.6
CMR-1465	89325.3	2021-08-10	20.6
CMR-1465	89325.4	2021-08-10	23.9
CMR-1465	89344.1	2021-08-10	19.4
CMR-1465	89344.2	2021-08-10	21.4
CMR-1465	89344.3	2021-08-10	21.1
CMR-1465	89344.4	2021-08-10	20.3
CMR-1465	89344.5	2021-08-10	20.4
CMR-1465	89313.1	2021-08-11	25.4
CMR-1465	89313.2	2021-08-11	26.2
CMR-1465	89313.3	2021-08-11	27.1
CMR-1465	89313.4	2021-08-11	27.8
CMR-1465	89313.5	2021-08-11	26.5
CMR-1465	89314.1	2021-08-11	21.6
CMR-1465	89314.2	2021-08-11	22.9
CMR-1465	89314.3	2021-08-11	22
CMR-1465	89314.4	2021-08-11	21.1
CMR-1465	89315.1	2021-08-11	22.2
CMR-1465	89315.2	2021-08-11	21.2
CMR-1465	89315.3	2021-08-11	19.8
CMR-1465	89318.1	2021-08-11	19.4
CMR-1465	89318.2	2021-08-11	18.7
CMR-1465	89318.3	2021-08-11	17.1
CMR-1465	89318.4	2021-08-11	20.3
CMR-1465	89319.1	2021-08-11	18.4
CMR-1465	89319.2	2021-08-11	18.5
CMR-1465	89346.1	2021-08-11	23.3
CMR-1465	89346.2	2021-08-11	24.1
CMR-1465	89346.3	2021-08-11	23.2
CMR-1465	89346.4	2021-08-11	24.9
CMR-1465	89313.2	2021-08-20	26.1
CMR-1465	89313.3	2021-08-20	27.2
CMR-1465	89313.4	2021-08-20	28.4
CMR-1465	89313.5	2021-08-20	26.6
CMR-1465	89314.1	2021-08-20	21.6
CMR-1465	89314.2	2021-08-20	23
CMR-1465	89314.3	2021-08-20	22.1
CMR-1465	89314.4	2021-08-20	20.7
CMR-1465	89315.1	2021-08-20	22.7
CMR-1465	89315.2	2021-08-20	21.3
CMR-1465	89318.1	2021-08-20	19.2
CMR-1465	89318.2	2021-08-20	19.6
CMR-1465	89318.3	2021-08-20	17.9
CMR-1465	89318.4	2021-08-20	21.3
CMR-1465	89319.1	2021-08-20	19.8
CMR-1465	89319.2	2021-08-20	19.2
CMR-1465	89324.1	2021-08-20	24.4
CMR-1465	89324.2	2021-08-20	22.1
CMR-1465	89324.3	2021-08-20	23.1
CMR-1465	89324.4	2021-08-20	22.7
CMR-1465	89324.5	2021-08-20	21.9
CMR-1465	89324.6	2021-08-20	22.9
CMR-1465	89325.1	2021-08-20	23.8
CMR-1465	89325.2	2021-08-20	24.6
CMR-1465	89325.3	2021-08-20	20.4
CMR-1465	89325.4	2021-08-20	23.7
CMR-1465	89344.1	2021-08-20	19.6
CMR-1465	89344.2	2021-08-20	21.6
CMR-1465	89344.3	2021-08-20	20.2
CMR-1465	89344.4	2021-08-20	21.1
CMR-1465	89344.5	2021-08-20	20
CMR-1465	89346.1	2021-08-20	24
CMR-1465	89346.2	2021-08-20	24.6
CMR-1465	89346.3	2021-08-20	23.5
CMR-1465	89346.4	2021-08-20	25.6
CMR-1465	89313.2	2021-08-27	27.1
CMR-1465	89313.3	2021-08-27	27.6
CMR-1465	89313.4	2021-08-27	29.4
CMR-1465	89313.5	2021-08-27	27.6
CMR-1465	89314.1	2021-08-27	22
CMR-1465	89314.2	2021-08-27	23.9
CMR-1465	89314.3	2021-08-27	22.5
CMR-1465	89314.4	2021-08-27	20.7
CMR-1465	89315.1	2021-08-27	22.8
CMR-1465	89315.2	2021-08-27	21.4
CMR-1465	89318.1	2021-08-27	19.2
CMR-1465	89318.2	2021-08-27	20.2
CMR-1465	89318.3	2021-08-27	18.6
CMR-1465	89318.4	2021-08-27	22
CMR-1465	89319.1	2021-08-27	19.6
CMR-1465	89319.2	2021-08-27	20.2
CMR-1465	89324.1	2021-08-27	25.2
CMR-1465	89324.2	2021-08-27	22
CMR-1465	89324.3	2021-08-27	23.4
CMR-1465	89324.4	2021-08-27	23.1
CMR-1465	89324.5	2021-08-27	22.2
CMR-1465	89324.6	2021-08-27	24.4
CMR-1465	89325.1	2021-08-27	25.3
CMR-1465	89325.2	2021-08-27	25.7
CMR-1465	89325.3	2021-08-27	21.4
CMR-1465	89325.4	2021-08-27	25.1
CMR-1465	89344.1	2021-08-27	19.9
CMR-1465	89344.2	2021-08-27	22.2
CMR-1465	89344.3	2021-08-27	20.7
CMR-1465	89344.4	2021-08-27	21.7
CMR-1465	89344.5	2021-08-27	20.6
CMR-1465	89346.1	2021-08-27	24.4
CMR-1465	89346.2	2021-08-27	25.2
CMR-1465	89346.3	2021-08-27	24.9
CMR-1465	89346.4	2021-08-27	26.3
CMR-1465	89313.2	2021-09-03	27.4
CMR-1465	89313.3	2021-09-03	29
CMR-1465	89313.4	2021-09-03	30
CMR-1465	89313.5	2021-09-03	28.1
CMR-1465	89314.1	2021-09-03	22.7
CMR-1465	89314.2	2021-09-03	24.3
CMR-1465	89314.3	2021-09-03	22.6
CMR-1465	89314.4	2021-09-03	21.5
CMR-1465	89315.1	2021-09-03	23.8
CMR-1465	89315.2	2021-09-03	21.9
CMR-1465	89318.1	2021-09-03	19.7
CMR-1465	89318.2	2021-09-03	21
CMR-1465	89318.3	2021-09-03	19.8
CMR-1465	89318.4	2021-09-03	21.1
CMR-1465	89319.1	2021-09-03	20.4
CMR-1465	89319.2	2021-09-03	21.7
CMR-1465	89324.1	2021-09-03	26
CMR-1465	89324.2	2021-09-03	24.9
CMR-1465	89324.3	2021-09-03	23.8
CMR-1465	89324.4	2021-09-03	23.9
CMR-1465	89324.5	2021-09-03	22.6
CMR-1465	89324.6	2021-09-03	23
CMR-1465	89325.1	2021-09-03	24.9
CMR-1465	89325.2	2021-09-03	24.9
CMR-1465	89325.3	2021-09-03	22.1
CMR-1465	89325.4	2021-09-03	25.6
CMR-1465	89344.1	2021-09-03	20.3
CMR-1465	89344.2	2021-09-03	22.3
CMR-1465	89344.3	2021-09-03	20.5
CMR-1465	89344.4	2021-09-03	21.6
CMR-1465	89344.5	2021-09-03	20.9
CMR-1465	89346.1	2021-09-03	24.8
CMR-1465	89346.2	2021-09-03	25.1
CMR-1465	89346.3	2021-09-03	24.9
CMR-1465	89346.4	2021-09-03	26.2
CMR-1465	89313.2	2021-09-10	23.3
CMR-1465	89313.3	2021-09-10	25.1
CMR-1465	89313.4	2021-09-10	25.5
CMR-1465	89313.5	2021-09-10	24
CMR-1465	89314.1	2021-09-10	23.9
CMR-1465	89314.2	2021-09-10	25.2
CMR-1465	89314.3	2021-09-10	23.4
CMR-1465	89314.4	2021-09-10	22.4
CMR-1465	89315.1	2021-09-10	23.7
CMR-1465	89315.2	2021-09-10	22.3
CMR-1465	89318.1	2021-09-10	20.3
CMR-1465	89318.2	2021-09-10	21.2
CMR-1465	89318.4	2021-09-10	22.2
CMR-1465	89319.1	2021-09-10	16.9
CMR-1465	89319.2	2021-09-10	18.6
CMR-1465	89324.1	2021-09-10	26.7
CMR-1465	89324.2	2021-09-10	25.2
CMR-1465	89324.3	2021-09-10	24.3
CMR-1465	89324.4	2021-09-10	24.8
CMR-1465	89324.5	2021-09-10	22.8
CMR-1465	89324.6	2021-09-10	24
CMR-1465	89325.1	2021-09-10	25.8
CMR-1465	89325.2	2021-09-10	26
CMR-1465	89325.3	2021-09-10	22.2
CMR-1465	89325.4	2021-09-10	26.1
CMR-1465	89344.1	2021-09-10	20.2
CMR-1465	89344.2	2021-09-10	22.1
CMR-1465	89344.3	2021-09-10	20.7
CMR-1465	89344.4	2021-09-10	21.1
CMR-1465	89344.5	2021-09-10	21.1
CMR-1465	89346.1	2021-09-10	25.9
CMR-1465	89346.2	2021-09-10	26.1
CMR-1465	89346.3	2021-09-10	26.6
CMR-1465	89346.4	2021-09-10	26.9
CMR-1656	92821.1	2021-11-01	27.1
CMR-1656	92821.1	2021-11-09	27.8
CMR-1656	92821.1	2021-11-16	28.9
CMR-1656	92821.1	2021-11-23	29.9
CMR-1656	92821.1	2021-11-30	30.2
CMR-1656	92821.2	2021-11-01	26.6
CMR-1656	92821.2	2021-11-09	27.6
CMR-1656	92821.2	2021-11-16	29.1
CMR-1656	92821.2	2021-11-23	29.6
CMR-1656	92821.2	2021-11-30	30.3
CMR-1656	92821.3	2021-11-01	27.6
CMR-1656	92821.3	2021-11-09	27.8
CMR-1656	92821.3	2021-11-16	29
CMR-1656	92821.3	2021-11-23	29.9
CMR-1656	92821.3	2021-11-30	30.2
CMR-1656	92822.1	2021-11-01	24.2
CMR-1656	92822.1	2021-11-09	24.5
CMR-1656	92822.1	2021-11-16	24.5
CMR-1656	92822.1	2021-11-23	25.8
CMR-1656	92822.1	2021-11-30	25.2
CMR-1656	92822.2	2021-11-01	28
CMR-1656	92822.2	2021-11-09	28.7
CMR-1656	92822.2	2021-11-16	29.3
CMR-1656	92822.2	2021-11-23	30.9
CMR-1656	92822.2	2021-11-30	31.4
CMR-1656	92822.3	2021-11-01	28.9
CMR-1656	92822.3	2021-11-09	29.9
CMR-1656	92822.3	2021-11-16	30
CMR-1656	92822.3	2021-11-23	31.8
CMR-1656	92822.3	2021-11-30	32.4
CMR-1656	92823.1	2021-11-01	25.8
CMR-1656	92823.1	2021-11-09	26.1
CMR-1656	92823.1	2021-11-16	27.7
CMR-1656	92823.1	2021-11-23	28.1
CMR-1656	92823.1	2021-11-30	27.8
CMR-1656	92824.1	2021-11-01	20
CMR-1656	92824.1	2021-11-09	20.6
CMR-1656	92824.1	2021-11-16	21.8
CMR-1656	92824.1	2021-11-23	21.8
CMR-1656	92824.1	2021-11-30	22
CMR-1656	92824.2	2021-11-01	20
CMR-1656	92824.2	2021-11-09	20.2
CMR-1656	92824.2	2021-11-16	20.3
CMR-1656	92824.2	2021-11-23	21
CMR-1656	92824.2	2021-11-30	22
CMR-1656	92824.3	2021-11-01	18.6
CMR-1656	92824.3	2021-11-09	19.4
CMR-1656	92824.3	2021-11-16	20.5
CMR-1656	92824.3	2021-11-23	21.7
CMR-1656	92824.3	2021-11-30	21.9
CMR-1656	92825.1	2021-11-01	18.9
CMR-1656	92825.1	2021-11-09	19.9
CMR-1656	92825.1	2021-11-16	20.7
CMR-1656	92825.1	2021-11-23	21.3
CMR-1656	92825.1	2021-11-30	21.7
CMR-1656	92825.2	2021-11-01	19.7
CMR-1656	92825.2	2021-11-09	20.5
CMR-1656	92825.2	2021-11-16	21
CMR-1656	92825.2	2021-11-23	22.2
CMR-1656	92825.2	2021-11-30	23.1
CMR-1656	92825.3	2021-11-01	19.5
CMR-1656	92825.3	2021-11-09	21
CMR-1656	92825.3	2021-11-16	22
CMR-1656	92825.3	2021-11-23	22.3
CMR-1656	92825.3	2021-11-30	22.8
CMR-1656	92826.1	2021-11-01	19.5
CMR-1656	92826.1	2021-11-09	19.6
CMR-1656	92826.1	2021-11-16	20
CMR-1656	92826.1	2021-11-23	21.6
CMR-1656	92826.1	2021-11-30	21.8
CMR-1656	92826.2	2021-11-01	18.4
CMR-1656	92826.2	2021-11-09	19.4
CMR-1656	92826.2	2021-11-16	20.1
CMR-1656	92826.2	2021-11-23	21.9
CMR-1656	92826.2	2021-11-30	22.8
CMR-1656	92826.3	2021-11-01	18.3
CMR-1656	92826.3	2021-11-09	18.5
CMR-1656	92826.3	2021-11-16	19.4
CMR-1656	92826.3	2021-11-23	20.6
CMR-1656	92826.3	2021-11-30	21
CMR-1697	93816.1	2021-11-22	24.6
CMR-1697	93816.1	2021-11-30	25.4
CMR-1697	93816.1	2021-12-08	26.4
CMR-1697	93816.1	2021-12-14	27.5
CMR-1697	93816.1	2021-12-21	28.5
CMR-1697	93816.2	2021-11-22	24.8
CMR-1697	93816.2	2021-11-30	24.9
CMR-1697	93816.2	2021-12-08	25.3
CMR-1697	93816.2	2021-12-14	25.9
CMR-1697	93816.2	2021-12-21	26
CMR-1697	93816.3	2021-11-22	26.8
CMR-1697	93816.3	2021-11-30	26.8
CMR-1697	93816.3	2021-12-08	27
CMR-1697	93816.3	2021-12-14	27.6
CMR-1697	93816.3	2021-12-21	28.7
CMR-1697	93817.1	2021-11-22	22.8
CMR-1697	93817.1	2021-11-30	24.1
CMR-1697	93817.1	2021-12-08	25.6
CMR-1697	93817.1	2021-12-14	26.6
CMR-1697	93817.1	2021-12-21	27.7
CMR-1697	93817.2	2021-11-22	26.8
CMR-1697	93817.2	2021-11-30	26.8
CMR-1697	93817.2	2021-12-08	27.6
CMR-1697	93817.2	2021-12-14	28.9
CMR-1697	93817.2	2021-12-21	29.8
CMR-1697	93817.3	2021-11-22	26.2
CMR-1697	93817.3	2021-11-30	26
CMR-1697	93817.3	2021-12-08	26.5
CMR-1697	93817.3	2021-12-14	26.8
CMR-1697	93817.3	2021-12-21	27.3
CMR-1697	93821.1	2021-11-22	21.9
CMR-1697	93821.1	2021-11-30	22.1
CMR-1697	93821.1	2021-12-08	22.1
CMR-1697	93821.1	2021-12-14	22.1
CMR-1697	93821.1	2021-12-21	22.7
CMR-1697	93821.2	2021-11-22	23.3
CMR-1697	93821.2	2021-11-30	22.9
CMR-1697	93821.2	2021-12-08	23.1
CMR-1697	93821.2	2021-12-14	23.9
CMR-1697	93821.2	2021-12-21	23
CMR-1697	93821.3	2021-11-22	23.5
CMR-1697	93821.3	2021-11-30	22.8
CMR-1697	93821.3	2021-12-08	23.2
CMR-1697	93821.3	2021-12-14	23.3
CMR-1697	93821.3	2021-12-21	23.9
CMR-1697	93820.1	2021-11-22	24.8
CMR-1697	93820.1	2021-11-30	25.1
CMR-1697	93820.1	2021-12-08	26.9
CMR-1697	93820.1	2021-12-14	27.9
CMR-1697	93820.1	2021-12-21	28.6
CMR-1697	93820.2	2021-11-22	23.8
CMR-1697	93820.2	2021-11-30	23.3
CMR-1697	93820.2	2021-12-08	24.1
CMR-1697	93820.2	2021-12-14	25.2
CMR-1697	93820.2	2021-12-21	25.6
CMR-1697	93820.3	2021-11-22	22.3
CMR-1697	93820.3	2021-11-30	22.5
CMR-1697	93820.3	2021-12-08	23.4
CMR-1697	93820.3	2021-12-14	23.8
CMR-1697	93820.3	2021-12-21	24.8
CMR-1697	93820.4	2021-11-22	22.5
CMR-1697	93820.4	2021-11-30	22.6
CMR-1697	93820.4	2021-12-08	23.3
CMR-1697	93820.4	2021-12-14	24.3
CMR-1697	93820.4	2021-12-21	25
CMR-1697	87011.2	2021-11-22	19.5
CMR-1697	87011.2	2021-11-30	18.7
CMR-1697	87011.2	2021-12-08	20.3
CMR-1697	87011.2	2021-12-14	20.6
CMR-1697	87011.2	2021-12-21	21.2
CMR-1697	87011.3	2021-11-22	19.7
CMR-1697	87011.3	2021-11-30	20.4
CMR-1697	87011.3	2021-12-08	20.4
CMR-1697	87011.3	2021-12-14	21.1
CMR-1697	87011.3	2021-12-21	22.5
CMR-1697	87011.4	2021-11-22	20
CMR-1697	87011.4	2021-11-30	20.3
CMR-1697	87011.4	2021-12-08	20.7
CMR-1697	87011.4	2021-12-14	21.8
CMR-1697	87011.4	2021-12-21	24.1
CMR-1697	87011.5	2021-11-22	20.9
CMR-1697	87011.5	2021-11-30	20.5
CMR-1697	87011.5	2021-12-08	21.1
CMR-1697	87011.5	2021-12-14	21.6
CMR-1697	87011.5	2021-12-21	22.7
CMR-1697	93822.1	2021-11-22	20.3
CMR-1697	93822.1	2021-11-30	20.1
CMR-1697	93822.1	2021-12-08	20.8
CMR-1697	93822.1	2021-12-14	21.7
CMR-1697	93822.1	2021-12-21	22.9
CMR-1697	93822.2	2021-11-22	21.7
CMR-1697	93822.2	2021-11-30	21.7
CMR-1697	93822.2	2021-12-08	22.5
CMR-1697	93822.2	2021-12-14	22.5
CMR-1697	93822.2	2021-12-21	23.1
CMR-1697	93822.3	2021-11-22	19.3
CMR-1697	93822.3	2021-11-30	19.6
CMR-1697	93822.3	2021-12-08	19.6
CMR-1697	93822.3	2021-12-14	20.3
CMR-1697	93822.3	2021-12-21	21
CMR-1697	93822.4	2021-11-22	17
CMR-1697	93822.4	2021-11-30	17
CMR-1697	93822.4	2021-12-08	17.8
CMR-1697	93822.4	2021-12-14	17.4
CMR-1697	93822.4	2021-12-21	17
CMR-1697	93822.5	2021-11-22	21.3
CMR-1697	93822.5	2021-11-30	20.9
CMR-1697	93822.5	2021-12-08	21.5
CMR-1697	93822.5	2021-12-14	22.3
CMR-1697	93822.5	2021-12-21	22.6
CMR-1697	93818.1	2021-11-22	20
CMR-1697	93818.1	2021-11-30	19.8
CMR-1697	93818.1	2021-12-08	20.3
CMR-1697	93818.1	2021-12-14	21.5
CMR-1697	93818.1	2021-12-21	21.3
CMR-1697	93818.2	2021-11-22	18.1
CMR-1697	93818.2	2021-11-30	18
CMR-1697	93818.2	2021-12-08	18
CMR-1697	93818.2	2021-12-14	18.5
CMR-1697	93818.2	2021-12-21	19.3
CMR-1697	93818.3	2021-11-22	19
CMR-1697	93818.3	2021-11-30	18.8
CMR-1697	93818.3	2021-12-08	19.2
CMR-1697	93818.3	2021-12-14	20
CMR-1697	93818.3	2021-12-21	20
CMR-1697	93819.1	2021-11-22	21.2
CMR-1697	93819.1	2021-11-30	21
CMR-1697	93819.1	2021-12-08	21.9
CMR-1697	93819.1	2021-12-14	20
CMR-1697	93819.1	2021-12-21	23
CMR-1697	93819.2	2021-11-22	18.6
CMR-1697	93819.2	2021-11-30	19
CMR-1697	93819.2	2021-12-08	21.6
CMR-1697	93819.2	2021-12-14	20.5
CMR-1697	93819.2	2021-12-21	21.2
CMR-1697	93819.3	2021-11-22	20.9
CMR-1697	93819.3	2021-11-30	20.3
CMR-1697	93819.3	2021-12-08	20.9
CMR-1697	93819.3	2021-12-14	21.4
CMR-1697	93819.3	2021-12-21	22.7
CMR-1697	93819.4	2021-11-22	19
CMR-1697	93819.4	2021-11-30	18.6
CMR-1697	93819.4	2021-12-08	19.1
CMR-1697	93819.4	2021-12-14	20.1
CMR-1697	93819.4	2021-12-21	21.4
CMR-1697	93819.5	2021-11-22	19.4
CMR-1697	93819.5	2021-11-30	19.1
CMR-1697	93819.5	2021-12-08	19.3
CMR-1697	93819.5	2021-12-14	21.8
CMR-1697	93819.5	2021-12-21	21.5
CMR-1871	97826.1	2022-03-21	20.3
CMR-1871	97826.1	2022-03-28	20.4
CMR-1871	97826.1	2022-04-04	20.7
CMR-1871	97826.1	2022-04-11	21.8
CMR-1871	97826.1	2022-04-18	23.3
CMR-1871	97826.2	2022-03-21	23.6
CMR-1871	97826.2	2022-03-28	24.5
CMR-1871	97826.2	2022-04-04	24.9
CMR-1871	97826.2	2022-04-11	26.2
CMR-1871	97826.2	2022-04-18	26.9
CMR-1871	97826.3	2022-03-21	20.7
CMR-1871	97826.3	2022-03-28	20.9
CMR-1871	97826.3	2022-04-04	21.6
CMR-1871	97826.3	2022-04-11	23.1
CMR-1871	97826.3	2022-04-18	24.3
CMR-1871	97826.4	2022-03-21	20.3
CMR-1871	97826.4	2022-03-28	20.6
CMR-1871	97826.4	2022-04-04	21.3
CMR-1871	97826.4	2022-04-11	22.2
CMR-1871	97826.4	2022-04-18	23.2
CMR-1871	97826.5	2022-03-21	18.8
CMR-1871	97826.5	2022-03-28	19.4
CMR-1871	97826.5	2022-04-04	19.7
CMR-1871	97826.5	2022-04-11	20.5
CMR-1871	97826.5	2022-04-18	21.1
CMR-1871	97828.1	2022-03-21	26.6
CMR-1871	97828.1	2022-03-28	26.8
CMR-1871	97828.1	2022-04-04	27.3
CMR-1871	97828.1	2022-04-11	27.8
CMR-1871	97828.1	2022-04-18	28.9
CMR-1871	97829.1	2022-03-21	18.6
CMR-1871	97829.1	2022-03-28	18.7
CMR-1871	97829.1	2022-04-04	19
CMR-1871	97829.1	2022-04-11	20
CMR-1871	97829.1	2022-04-18	20.4
CMR-1871	97829.2	2022-03-21	20.8
CMR-1871	97829.2	2022-03-28	20.8
CMR-1871	97829.2	2022-04-04	21.2
CMR-1871	97829.2	2022-04-11	21.5
CMR-1871	97829.2	2022-04-18	22.2
CMR-1871	97829.3	2022-03-21	20.1
CMR-1871	97829.3	2022-03-28	20.2
CMR-1871	97829.3	2022-04-04	21.1
CMR-1871	97829.3	2022-04-11	23.4
CMR-1871	97829.3	2022-04-18	22.7
CMR-1871	97829.4	2022-03-21	18.5
CMR-1871	97829.4	2022-03-28	18.5
CMR-1871	97829.4	2022-04-04	19
CMR-1871	97829.4	2022-04-11	21.1
CMR-1871	97829.4	2022-04-18	19.9
CMR-1871	97830.1	2022-03-21	28.3
CMR-1871	97830.1	2022-03-28	29.4
CMR-1871	97830.1	2022-04-04	29.4
CMR-1871	97830.1	2022-04-11	30.2
CMR-1871	97830.1	2022-04-18	29.9
CMR-1871	97830.2	2022-03-21	29.1
CMR-1871	97830.2	2022-03-28	30
CMR-1871	97830.2	2022-04-04	30.2
CMR-1871	97830.2	2022-04-11	34
CMR-1871	97830.2	2022-04-18	31.2
CMR-1871	97830.3	2022-03-21	29.3
CMR-1871	97830.3	2022-03-28	29.3
CMR-1871	97830.3	2022-04-04	30.3
CMR-1871	97830.3	2022-04-11	30.4
CMR-1871	97830.3	2022-04-18	29.7
CMR-1871	97830.4	2022-03-21	25
CMR-1871	97830.4	2022-03-28	25.8
CMR-1871	97830.4	2022-04-04	26.4
CMR-1871	97830.4	2022-04-11	26.9
CMR-1871	97830.4	2022-04-18	26.3
CMR-1871	97830.5	2022-03-21	31.1
CMR-1871	97830.5	2022-03-28	31.9
CMR-1871	97830.5	2022-04-04	31.9
CMR-1871	97830.5	2022-04-11	32.8
CMR-1871	97830.5	2022-04-18	33.2
CMR-1871	97831.1	2022-03-21	21.7
CMR-1871	97831.1	2022-03-28	22.3
CMR-1871	97831.1	2022-04-04	23.4
CMR-1871	97831.1	2022-04-11	23.9
CMR-1871	97831.1	2022-04-18	23.5
CMR-1871	97831.2	2022-03-21	21.2
CMR-1871	97831.2	2022-03-28	20.6
CMR-1871	97831.2	2022-04-04	21.3
CMR-1871	97831.2	2022-04-11	21.7
CMR-1871	97831.2	2022-04-18	21.9
CMR-1871	97831.3	2022-03-21	19.7
CMR-1871	97831.3	2022-03-28	19.7
CMR-1871	97831.3	2022-04-04	21.3
CMR-1871	97831.3	2022-04-11	22
CMR-1871	97831.3	2022-04-18	21.9
CMR-1871	97832.1	2022-03-21	22.3
CMR-1871	97832.1	2022-03-28	22.4
CMR-1871	97832.1	2022-04-04	22.9
CMR-1871	97832.1	2022-04-11	22.9
CMR-1871	97832.1	2022-04-18	23.3
CMR-1871	97832.2	2022-03-21	26
CMR-1871	97832.2	2022-03-28	25.3
CMR-1871	97832.2	2022-04-04	26.7
CMR-1871	97832.2	2022-04-11	27.1
CMR-1871	97832.2	2022-04-18	27.4
CMR-1871	97832.3	2022-03-21	27
CMR-1871	97832.3	2022-03-28	27
CMR-1871	97832.3	2022-04-04	27.8
CMR-1871	97832.3	2022-04-11	28
CMR-1871	97832.3	2022-04-18	28.1
CMR-1871	97832.4	2022-03-21	26.7
CMR-1871	97832.4	2022-03-28	26.6
CMR-1871	97832.4	2022-04-04	27.3
CMR-1871	97832.4	2022-04-11	28.5
CMR-1871	97832.4	2022-04-18	28.6
CMR-1871	97836.1	2022-03-21	21.6
CMR-1871	97836.1	2022-03-28	21.8
CMR-1871	97836.1	2022-04-04	22.8
CMR-1871	97836.1	2022-04-11	22.9
CMR-1871	97836.1	2022-04-18	22
CMR-1871	97836.2	2022-03-21	21.9
CMR-1871	97836.2	2022-03-28	23
CMR-1871	97836.2	2022-04-04	23.7
CMR-1871	97836.2	2022-04-11	24.4
CMR-1871	97836.2	2022-04-18	24.1
CMR-1871	97836.3	2022-03-21	21.5
CMR-1871	97836.3	2022-03-28	22.4
CMR-1871	97836.3	2022-04-04	23.8
CMR-1871	97836.3	2022-04-11	23.7
CMR-1871	97836.3	2022-04-18	23.3
CMR-1871	97836.4	2022-03-21	19.9
CMR-1871	97836.4	2022-03-28	20.3
CMR-1871	97836.4	2022-04-04	21
CMR-1871	97836.4	2022-04-11	21.1
CMR-1871	97836.4	2022-04-18	21.7
CMR-1871	95040.1	2022-03-21	24.1
CMR-1871	95040.1	2022-03-28	24.7
CMR-1871	95040.1	2022-04-04	24.9
CMR-1871	95040.1	2022-04-11	25.3
CMR-1871	95040.1	2022-04-18	25.3
CMR-1871	96725.1	2022-03-21	32.2
CMR-1871	96725.1	2022-03-28	31.6
CMR-1871	96725.1	2022-04-04	32.7
CMR-1871	96725.1	2022-04-11	32.9
CMR-1871	96725.1	2022-04-18	33.2
CMR-1871	87022.2	2022-03-21	29.2
CMR-1871	87022.2	2022-03-28	30.4
CMR-1871	87022.2	2022-04-04	31
CMR-1871	87022.2	2022-04-11	32.3
CMR-1871	87022.2	2022-04-18	31.4
CMR-1871	87022.3	2022-03-21	29.3
CMR-1871	87022.3	2022-03-28	29.7
CMR-1871	87022.3	2022-04-04	31.2
CMR-1871	87022.3	2022-04-11	32.5
CMR-1871	87022.3	2022-04-18	32.6
CMR-1871	87021.1	2022-03-23	33.7
CMR-1871	87021.1	2022-03-29	33.6
CMR-1871	87021.1	2022-04-05	34.3
CMR-1871	87021.1	2022-04-12	34
CMR-1871	87021.1	2022-04-19	35.3
CMR-1871	87021.2	2022-03-23	32.4
CMR-1871	87021.2	2022-03-29	32.3
CMR-1871	87021.2	2022-04-05	33.2
CMR-1871	87021.2	2022-04-12	33.4
CMR-1871	87021.2	2022-04-19	33.7
CMR-1871	87021.3	2022-03-23	32.6
CMR-1871	87021.3	2022-03-29	32.2
CMR-1871	87021.3	2022-04-05	32.2
CMR-1871	87021.3	2022-04-12	32.4
CMR-1871	87021.3	2022-04-19	32.4
CMR-1871	87019.1	2022-03-23	31.2
CMR-1871	87019.1	2022-03-29	31.6
CMR-1871	87019.1	2022-04-05	32
CMR-1871	87019.1	2022-04-12	32.6
CMR-1871	87019.1	2022-04-19	32.9
CMR-1871	87019.2	2022-03-23	29.3
CMR-1871	87019.2	2022-03-29	29.9
CMR-1871	87019.2	2022-04-05	29.8
CMR-1871	87019.2	2022-04-12	30.4
CMR-1871	87019.2	2022-04-19	30.7
CMR-1871	87019.3	2022-03-23	32.3
CMR-1871	87019.3	2022-03-29	32
CMR-1871	87019.3	2022-04-05	32.6
CMR-1871	87019.3	2022-04-12	31.9
CMR-1871	87019.3	2022-04-19	32.4
CMR-1871	87019.4	2022-03-23	31
CMR-1871	87019.4	2022-03-29	30.9
CMR-1871	87019.4	2022-04-05	30.7
CMR-1871	87019.4	2022-04-12	31.8
CMR-1871	87019.4	2022-04-19	32
CMR-1871	87019.5	2022-03-23	30.3
CMR-1871	87019.5	2022-03-29	31
CMR-1871	87019.5	2022-04-05	31.5
CMR-1871	87019.5	2022-04-12	31.7
CMR-1871	87019.5	2022-04-19	32
CMR-1871	97827.1	2022-03-23	17.4
CMR-1871	97827.1	2022-03-29	18.1
CMR-1871	97827.1	2022-04-05	18.6
CMR-1871	97827.1	2022-04-12	19.4
CMR-1871	97827.1	2022-04-19	20.2
CMR-1871	97827.2	2022-03-23	17.3
CMR-1871	97827.2	2022-03-29	17.8
CMR-1871	97827.2	2022-04-05	17.8
CMR-1871	97827.2	2022-04-12	19.4
CMR-1871	97827.2	2022-04-19	19.8
CMR-1871	97827.3	2022-03-23	17.6
CMR-1871	97827.3	2022-03-29	18.2
CMR-1871	97827.3	2022-04-05	18.2
CMR-1871	97827.3	2022-04-12	19.3
CMR-1871	97827.3	2022-04-19	19.5
CMR-1871	97827.4	2022-03-23	17
CMR-1871	97827.4	2022-03-29	17.5
CMR-1871	97827.4	2022-04-05	17.3
CMR-1871	97827.4	2022-04-12	18.7
CMR-1871	97827.4	2022-04-19	18.1
CMR-1871	97839.1	2022-03-23	26.7
CMR-1871	97839.1	2022-03-29	26.4
CMR-1871	97839.1	2022-04-05	26.4
CMR-1871	97839.1	2022-04-12	27.6
CMR-1871	97839.1	2022-04-19	27.9
CMR-1871	97839.2	2022-03-23	24.5
CMR-1871	97839.2	2022-03-29	24.1
CMR-1871	97839.2	2022-04-05	24
CMR-1871	97839.2	2022-04-12	24.5
CMR-1871	97839.2	2022-04-19	23.9
CMR-1871	95041.1	2022-03-23	21.9
CMR-1871	95041.1	2022-03-29	21.8
CMR-1871	95041.1	2022-04-05	21.4
CMR-1871	95041.1	2022-04-12	22.5
CMR-1871	95041.1	2022-04-19	22.5
CMR-1871	87025.1	2022-03-23	22.8
CMR-1871	87025.1	2022-03-29	22.1
CMR-1871	87025.1	2022-04-05	22.5
CMR-1871	87025.1	2022-04-12	22.2
CMR-1871	87025.1	2022-04-19	22.7
CMR-1871	87025.2	2022-03-23	28.7
CMR-1871	87025.2	2022-03-29	27.1
CMR-1871	87025.2	2022-04-05	25.5
CMR-1871	87025.2	2022-04-12	27.2
CMR-1871	87025.2	2022-04-19	29.1
CMR-1871	87023.1	2022-03-23	26.2
CMR-1871	87023.1	2022-03-29	26.1
CMR-1871	87023.1	2022-04-05	26.3
CMR-1871	87023.1	2022-04-12	27.9
CMR-1871	87023.1	2022-04-19	27.2
CMR-1871	95042.1	2022-03-23	27.5
CMR-1871	95042.1	2022-03-29	27.2
CMR-1871	95042.1	2022-04-05	27.5
CMR-1871	95042.1	2022-04-12	28.1
CMR-1871	95042.1	2022-04-19	28.8
CMR-1871	95042.2	2022-03-23	26.7
CMR-1871	95042.2	2022-03-29	26.9
CMR-1871	95042.2	2022-04-05	27.4
CMR-1871	95042.2	2022-04-12	27.9
CMR-1871	95042.2	2022-04-19	28.5
CMR-1871	87028.1	2022-03-23	22.3
CMR-1871	87028.1	2022-03-29	22.1
CMR-1871	87028.1	2022-04-05	22.1
CMR-1871	87028.1	2022-04-12	22
CMR-1871	87028.1	2022-04-19	22.6
CMR-1871	87028.2	2022-03-23	22.6
CMR-1871	87028.2	2022-03-29	22.4
CMR-1871	87028.2	2022-04-05	22.7
CMR-1871	87028.2	2022-04-12	22.5
CMR-1871	87028.2	2022-04-19	23.6
CMR-1871	87028.3	2022-03-23	21.8
CMR-1871	87028.3	2022-03-29	21.6
CMR-1871	87028.3	2022-04-05	22
CMR-1871	87028.3	2022-04-12	22.8
CMR-1871	87028.3	2022-04-19	22.7
CMR-1871	87026.1	2022-03-23	26.7
CMR-1871	87026.1	2022-03-29	26.7
CMR-1871	87026.1	2022-04-05	26.5
CMR-1871	87026.1	2022-04-12	27.2
CMR-1871	87026.1	2022-04-19	27.2
CMR-1871	87026.2	2022-03-23	29.5
CMR-1871	87026.2	2022-03-29	29.1
CMR-1871	87026.2	2022-04-05	29.2
CMR-1871	87026.2	2022-04-12	29.2
CMR-1871	87026.2	2022-04-19	30
CMR-1871	87026.3	2022-03-23	26.6
CMR-1871	87026.3	2022-03-29	26.6
CMR-1871	87026.3	2022-04-05	26.9
CMR-1871	87026.3	2022-04-12	27.7
CMR-1871	87026.3	2022-04-19	28
CMR-1871	87026.4	2022-03-23	29.1
CMR-1871	87026.4	2022-03-29	29
CMR-1871	87026.4	2022-04-05	30.1
CMR-1871	87026.4	2022-04-12	30.6
CMR-1871	87026.4	2022-04-19	31.4
CMR-1871	87027.1	2022-03-23	22.3
CMR-1871	87027.1	2022-03-29	22
CMR-1871	87027.1	2022-04-05	21.4
CMR-1871	87027.1	2022-04-12	22.9
CMR-1871	87027.1	2022-04-19	23.2
CMR-1871	87027.2	2022-03-23	19.2
CMR-1871	87027.2	2022-03-29	19.8
CMR-1871	87027.2	2022-04-05	20.6
CMR-1871	87027.2	2022-04-12	21.6
CMR-1871	87027.2	2022-04-19	20.6
CMR-1871	87027.3	2022-03-23	21.4
CMR-1871	87027.3	2022-03-29	21.8
CMR-1871	87027.3	2022-04-05	22.8
CMR-1871	87027.3	2022-04-12	21.9
CMR-1871	87027.3	2022-04-19	22.3
CMR-1871	87024.1	2022-03-24	31.9
CMR-1871	87024.1	2022-03-30	32.4
CMR-1871	87024.1	2022-04-06	32.4
CMR-1871	87024.1	2022-04-14	32.4
CMR-1871	87024.1	2022-04-20	33.2
CMR-1871	87024.2	2022-03-24	30.4
CMR-1871	87024.2	2022-03-30	30.9
CMR-1871	87024.2	2022-04-06	30.4
CMR-1871	87024.2	2022-04-14	31.2
CMR-1871	87024.2	2022-04-20	31.8
CMR-1871	87024.3	2022-03-24	32.1
CMR-1871	87024.3	2022-03-30	31.9
CMR-1871	87024.3	2022-04-06	31.9
CMR-1871	87024.3	2022-04-14	32.6
CMR-1871	87024.3	2022-04-20	33.8
CMR-1871	87024.4	2022-03-24	30.8
CMR-1871	87024.4	2022-03-30	31.1
CMR-1871	87024.4	2022-04-06	31
CMR-1871	87024.4	2022-04-14	31.8
CMR-1871	87024.4	2022-04-20	32.5
CMR-1871	95043.1	2022-03-24	12.4
CMR-1871	95043.1	2022-03-30	15.2
CMR-1871	95043.1	2022-04-06	15.6
CMR-1871	95043.1	2022-04-14	14.1
CMR-1871	95043.1	2022-04-20	16.4
CMR-1871	95043.2	2022-03-24	22.4
CMR-1871	95043.2	2022-03-30	21.8
CMR-1871	95043.2	2022-04-06	21.9
CMR-1871	95043.2	2022-04-14	22.3
CMR-1871	95043.2	2022-04-20	23.4
CMR-1871	95043.3	2022-03-24	22.7
CMR-1871	95043.3	2022-03-30	22.1
CMR-1871	95043.3	2022-04-06	22.2
CMR-1871	95043.3	2022-04-14	21.9
CMR-1871	95043.3	2022-04-20	23.2
CMR-1871	95043.4	2022-03-24	22.8
CMR-1871	95043.4	2022-03-30	22
CMR-1871	95043.4	2022-04-06	22.4
CMR-1871	95043.4	2022-04-14	22.9
CMR-1871	95043.4	2022-04-20	24.4
CMR-1871	97823.1	2022-03-24	24.9
CMR-1871	97823.1	2022-03-30	25.3
CMR-1871	97823.1	2022-04-06	25.8
CMR-1871	97823.1	2022-04-14	27.7
CMR-1871	97823.1	2022-04-20	28.6
CMR-1871	97823.2	2022-03-24	27.5
CMR-1871	97823.2	2022-03-30	27.4
CMR-1871	97823.2	2022-04-06	28.4
CMR-1871	97823.2	2022-04-14	29.2
CMR-1871	97823.2	2022-04-20	30.1
CMR-1871	97823.3	2022-03-24	24.1
CMR-1871	97823.3	2022-03-30	24.5
CMR-1871	97823.3	2022-04-06	24.3
CMR-1871	97823.3	2022-04-14	25.2
CMR-1871	97823.3	2022-04-20	26.6
CMR-1871	97825.1	2022-03-24	19.9
CMR-1871	97825.1	2022-03-30	19.5
CMR-1871	97825.1	2022-04-06	20.7
CMR-1871	97825.1	2022-04-14	20.7
CMR-1871	97825.1	2022-04-20	21.8
CMR-1871	97825.2	2022-03-24	23
CMR-1871	97825.2	2022-03-30	22.1
CMR-1871	97825.2	2022-04-06	22.4
CMR-1871	97825.2	2022-04-14	22.7
CMR-1871	97825.2	2022-04-20	22.9
CMR-1871	97825.3	2022-03-24	19.3
CMR-1871	97825.3	2022-03-30	19.3
CMR-1871	97825.3	2022-04-06	19.7
CMR-1871	97825.3	2022-04-14	20.3
CMR-1871	97825.3	2022-04-20	20.4
CMR-1871	97825.4	2022-03-24	21.2
CMR-1871	97825.4	2022-03-30	21.3
CMR-1871	97825.4	2022-04-06	21.5
CMR-1871	97825.4	2022-04-14	21.8
CMR-1871	97825.4	2022-04-20	22.4
CMR-1871	97824.1	2022-03-24	25.1
CMR-1871	97824.1	2022-03-30	24.8
CMR-1871	97824.1	2022-04-06	25.8
CMR-1871	97824.1	2022-04-14	26.4
CMR-1871	97824.1	2022-04-20	27.7
CMR-1871	97824.2	2022-03-24	22.3
CMR-1871	97824.2	2022-03-30	22.4
CMR-1871	97824.2	2022-04-06	23.2
CMR-1871	97824.2	2022-04-14	23.7
CMR-1871	97824.2	2022-04-20	24.8
CMR-1871	97824.3	2022-03-24	26.2
CMR-1871	97824.3	2022-03-30	26
CMR-1871	97824.3	2022-04-06	26.4
CMR-1871	97824.3	2022-04-14	26.7
CMR-1871	97824.3	2022-04-20	28.1
CMR-1871	87020.1	2022-03-24	23.1
CMR-1871	87020.1	2022-03-30	24.1
CMR-1871	87020.1	2022-04-06	24
CMR-1871	87020.1	2022-04-14	25.8
CMR-1871	87020.1	2022-04-20	24
CMR-1871	87020.2	2022-03-24	22.4
CMR-1871	87020.2	2022-03-30	23
CMR-1871	87020.2	2022-04-06	22.9
CMR-1871	87020.2	2022-04-14	24.5
CMR-1871	87020.2	2022-04-20	23.7
CMR-1871	87020.3	2022-03-24	23.9
CMR-1871	87020.3	2022-03-30	24.8
CMR-1871	87020.3	2022-04-06	24.9
CMR-1871	87020.3	2022-04-14	24.6
CMR-1871	87020.3	2022-04-20	25.5
CMR-1871	97837.1	2022-03-24	24
CMR-1871	97837.1	2022-03-30	24.7
CMR-1871	97837.1	2022-04-06	25.1
CMR-1871	97837.1	2022-04-14	26
CMR-1871	97837.1	2022-04-20	27.5
CMR-1871	97837.2	2022-03-24	25.1
CMR-1871	97837.2	2022-03-30	25.6
CMR-1871	97837.2	2022-04-06	25.8
CMR-1871	97837.2	2022-04-14	26.4
CMR-1871	97837.2	2022-04-20	27.7
CMR-1871	97837.3	2022-03-24	23.8
CMR-1871	97837.3	2022-03-30	24.4
CMR-1871	97837.3	2022-04-06	25.3
CMR-1871	97837.3	2022-04-14	26.1
CMR-1871	97837.3	2022-04-20	27.2
CMR-1871	97838.1	2022-03-24	23.5
CMR-1871	97838.1	2022-03-30	24.2
CMR-1871	97838.1	2022-04-06	24.2
CMR-1871	97838.1	2022-04-14	24.7
CMR-1871	97838.1	2022-04-20	25.7
CMR-1871	97838.2	2022-03-24	22.8
CMR-1871	97838.2	2022-03-30	22.8
CMR-1871	97838.2	2022-04-06	22.4
CMR-1871	97838.2	2022-04-14	22.8
CMR-1871	97838.2	2022-04-20	23.3
CMR-1871	97838.3	2022-03-24	24.2
CMR-1871	97838.3	2022-03-30	25
CMR-1871	97838.3	2022-04-06	25.2
CMR-1871	97838.3	2022-04-14	25.6
CMR-1871	97838.3	2022-04-20	26.4
CMR-1871	87029.1	2022-03-24	30.8
CMR-1871	87029.1	2022-03-30	29.2
CMR-1871	87029.1	2022-04-06	28.9
CMR-1871	87029.1	2022-04-14	29.9
CMR-1871	87029.1	2022-04-20	31.8
CMR-2198	1A.1	2022-10-06	23.7
CMR-2198	1A.1	2022-11-02	26.1
CMR-2198	1A.1	2022-12-06	29.1
CMR-2198	1A.1	2023-01-04	30.9
CMR-2198	1A.1	2023-02-08	35
CMR-2198	1A.1	2023-03-31	35.8
CMR-2198	2A.1	2022-10-06	18.4
CMR-2198	2A.1	2022-11-02	18.3
CMR-2198	2A.1	2022-12-06	21
CMR-2198	2A.1	2023-01-04	21.8
CMR-2198	2A.1	2023-02-08	22
CMR-2198	2A.1	2023-03-31	24.8
CMR-2198	2A.2	2022-10-06	20.6
CMR-2198	2A.2	2022-11-02	21
CMR-2198	2A.2	2022-12-06	25.4
CMR-2198	2A.2	2023-01-04	26.7
CMR-2198	2A.2	2023-02-08	27
CMR-2198	2A.2	2023-03-31	27.3
CMR-2198	2A.3	2022-10-06	21.1
CMR-2198	2A.3	2022-11-02	22.4
CMR-2198	2A.3	2022-12-06	24.5
CMR-2198	2A.3	2023-01-04	24.4
CMR-2198	2A.3	2023-02-08	25
CMR-2198	2A.3	2023-03-31	27.3
CMR-2198	2A.4	2022-10-06	19.6
CMR-2198	2A.4	2022-11-02	22.3
CMR-2198	2A.4	2022-12-06	25.1
CMR-2198	2A.4	2023-01-04	25.5
CMR-2198	2A.5	2022-10-06	22.1
CMR-2198	105257.1	2022-10-06	21.6
CMR-2198	105257.1	2022-11-02	21.5
CMR-2198	105257.1	2022-12-06	23.3
CMR-2198	105257.1	2023-01-04	24.5
CMR-2198	105257.2	2022-10-06	20.7
CMR-2198	105257.2	2022-11-02	20.9
CMR-2198	105257.2	2022-12-06	21.8
CMR-2198	105257.2	2023-01-04	23.1
CMR-2198	105257.3	2022-10-06	21.2
CMR-2198	105257.3	2022-11-02	21.4
CMR-2198	105257.3	2022-12-06	22.4
CMR-2198	105257.3	2023-01-04	23.6
CMR-2198	105257.4	2022-10-06	22.5
CMR-2198	105257.4	2022-11-02	21.9
CMR-2198	105257.4	2022-12-06	23.8
CMR-2198	105257.4	2023-01-04	24.4
CMR-2198	105258.1	2022-10-06	27.8
CMR-2198	105258.1	2022-11-02	29.4
CMR-2198	105258.1	2022-12-06	32.2
CMR-2198	105258.1	2023-01-04	34.9
CMR-2198	105258.2	2022-10-06	27.4
CMR-2198	105258.2	2022-11-02	29.2
CMR-2198	105258.2	2022-12-06	32.3
CMR-2198	105258.2	2023-01-04	34
CMR-2198	105258.3	2022-10-06	26.9
CMR-2198	105258.3	2022-11-02	27.3
CMR-2198	105258.3	2022-12-06	34.3
CMR-2198	105258.3	2023-01-04	30.3
CMR-2198	105258.4	2022-10-06	27.3
CMR-2198	105258.4	2022-11-02	28.1
CMR-2198	105258.4	2022-12-06	30.1
CMR-2198	105258.4	2023-01-04	33
CMR-2198	105258.5	2022-10-06	30
CMR-2198	105258.5	2022-11-02	31.3
CMR-2198	105258.5	2022-12-06	33.7
CMR-2198	105258.5	2023-01-04	34.2
CMR-2198	105259.1	2022-10-06	21.2
CMR-2198	105259.1	2022-11-02	25.1
CMR-2198	105259.1	2022-12-06	37.4
CMR-2198	105259.1	2023-01-04	29.6
CMR-2198	105259.1	2023-02-08	31
CMR-2198	105259.1	2023-03-31	31.7
CMR-2198	105259.2	2022-10-06	22.3
CMR-2198	105259.2	2022-11-02	26.8
CMR-2198	105259.2	2022-12-06	30.5
CMR-2198	105259.2	2023-01-04	33.2
CMR-2198	105259.3	2022-10-06	20.6
CMR-2198	105259.3	2022-11-02	23.5
CMR-2198	105259.3	2022-12-06	26.6
CMR-2198	105259.3	2023-01-04	29.1
CMR-2198	105259.3	2023-02-08	31
CMR-2198	105259.3	2023-03-31	34.1
CMR-2198	108050.4	2022-10-06	22.1
CMR-2198	108050.4	2022-11-02	21.3
CMR-2198	108050.4	2022-12-06	23.3
CMR-2198	108050.4	2023-01-04	25.6
CMR-2198	108050.4	2023-02-08	28
CMR-2198	108050.4	2023-03-31	29.2
CMR-2198	105260.1	2022-10-06	21.8
CMR-2198	105260.1	2022-11-02	24.1
CMR-2198	105260.1	2022-12-06	24.8
CMR-2198	105260.1	2023-01-04	26.3
CMR-2198	105260.2	2022-10-06	27.3
CMR-2198	105260.2	2022-11-02	29.6
CMR-2198	105260.2	2022-12-06	34.9
CMR-2198	105260.2	2023-01-04	35.7
CMR-2198	105260.2	2023-02-08	37
CMR-2198	105260.2	2023-03-31	39.6
CMR-2198	105260.3	2022-10-06	27.2
CMR-2198	105260.3	2022-11-02	28.4
CMR-2198	105260.3	2022-12-06	32.8
CMR-2198	105260.3	2023-01-04	34.2
CMR-2198	105260.3	2023-02-08	35
CMR-2198	105260.3	2023-03-31	39.7
CMR-2198	105261.1	2022-10-06	18.5
CMR-2198	105261.1	2022-11-02	18.5
CMR-2198	105261.1	2022-12-06	21.7
CMR-2198	105261.1	2023-01-04	22.7
CMR-2198	105261.1	2023-02-08	24
CMR-2198	105261.1	2023-03-31	24.3
CMR-2198	105261.2	2022-10-06	18.2
CMR-2198	105261.2	2022-11-02	19.5
CMR-2198	105261.2	2022-12-06	21.4
CMR-2198	105261.2	2023-01-04	21.9
CMR-2198	105261.2	2023-02-08	24
CMR-2198	105261.2	2023-03-31	25
CMR-2198	105261.3	2022-10-06	16.8
CMR-2198	105261.3	2022-11-02	19.4
CMR-2198	105261.3	2022-12-06	21
CMR-2198	105261.3	2023-01-04	22.2
CMR-2198	105261.3	2023-02-08	23
CMR-2198	105261.3	2023-03-31	23.2
CMR-2198	105261.4	2022-10-06	17.2
CMR-2198	105261.4	2022-11-02	20.3
CMR-2198	105261.4	2022-12-06	21.6
CMR-2198	105261.4	2023-01-04	23.7
CMR-2198	105261.5	2022-10-06	17.8
CMR-2198	105261.5	2022-11-02	18.2
CMR-2198	105261.5	2022-12-06	23.3
CMR-2198	105261.5	2023-01-04	23.5
CMR-2198	105261.5	2023-02-08	24
CMR-2198	105261.5	2023-03-31	25.5
CMR-2198	105262.1	2022-10-06	23.7
CMR-2198	105262.1	2022-11-02	23.8
CMR-2198	105262.1	2022-12-06	24
CMR-2198	105262.1	2023-01-04	25.2
CMR-2198	105262.1	2023-02-08	26
CMR-2198	105262.1	2023-03-31	27.1
CMR-2198	105262.2	2022-10-06	23.1
CMR-2198	105262.2	2022-11-02	22.9
CMR-2198	105262.2	2022-12-06	23.2
CMR-2198	105262.2	2023-01-04	24.7
CMR-2198	105262.2	2023-02-08	26
CMR-2198	105262.2	2023-03-31	27.2
CMR-2198	105262.3	2022-10-06	19.2
CMR-2198	105262.3	2022-11-02	22.3
CMR-2198	105262.3	2022-12-06	23.3
CMR-2198	105262.3	2023-01-04	27.2
CMR-2198	105262.3	2023-02-08	30
CMR-2198	105262.3	2023-03-31	28
CMR-2198	105263.1	2022-10-06	27
CMR-2198	105263.1	2022-11-02	28.2
CMR-2198	105263.1	2022-12-06	29.5
CMR-2198	105263.1	2023-01-04	30.3
CMR-2198	105263.2	2022-10-06	26.9
CMR-2198	105263.2	2022-11-02	27.1
CMR-2198	105263.2	2022-12-06	29.5
CMR-2198	105263.2	2023-01-04	32.7
CMR-2198	105263.3	2022-10-06	28.4
CMR-2198	105263.3	2022-11-02	30.8
CMR-2198	105263.3	2022-12-06	31.7
CMR-2198	105263.3	2023-01-04	33.1
CMR-2198	105263.4	2022-10-06	28.4
CMR-2198	105263.4	2022-11-02	30.2
CMR-2198	105263.5	2022-10-06	28.3
CMR-2198	105263.5	2022-11-02	30.2
CMR-2198	105264.1	2022-10-06	26.6
CMR-2198	105264.1	2022-11-02	28
CMR-2198	105265.1	2022-10-06	22.3
CMR-2198	105265.1	2022-11-02	20.9
CMR-2198	105265.2	2022-10-06	21
CMR-2198	105265.2	2022-11-02	23.4
CMR-2198	105265.3	2022-10-06	21.7
CMR-2198	105265.3	2022-11-02	20.6
CMR-2198	105265.4	2022-10-06	21.6
CMR-2198	105265.4	2022-11-02	21.8
CMR-2198	105265.5	2022-10-06	19.8
CMR-2198	105265.5	2022-11-02	22.9
CMR-2198	105266.1	2022-10-06	23.2
CMR-2198	105266.1	2022-11-02	25.1
CMR-2198	105266.2	2022-10-06	23.3
CMR-2198	105266.2	2022-11-02	23.9
CMR-2198	105266.3	2022-10-06	23.2
CMR-2198	105266.3	2022-11-02	23.7
CMR-2198	105266.4	2022-10-06	22.7
CMR-2198	105266.4	2022-11-02	23.6
CMR-2198	105267.1	2022-10-06	22.8
CMR-2198	105267.1	2022-11-02	25
CMR-2198	105267.1	2022-12-06	24
CMR-2198	105267.1	2023-01-04	26.5
CMR-2198	105267.2	2022-10-06	23.9
CMR-2198	105267.2	2022-11-02	25.2
CMR-2198	105267.2	2022-12-06	15.4
CMR-2198	105267.2	2023-01-04	25.8
CMR-2198	105267.3	2022-10-06	20.3
CMR-2198	105267.3	2022-11-02	21
CMR-2198	105267.3	2022-12-06	21.4
CMR-2198	105267.3	2023-01-04	22.7
CMR-2198	105268.1	2022-10-06	28.9
CMR-2198	105268.1	2022-11-02	27.6
CMR-2198	105269.1	2022-10-06	29.5
CMR-2198	105269.1	2022-11-02	31.5
CMR-2198	105269.2	2022-10-06	31.2
CMR-2198	105269.2	2022-11-02	30.8
CMR-2198	105270.1	2022-10-06	25
CMR-2198	105270.1	2022-11-02	26.6
CMR-2198	105270.2	2022-10-06	25.9
CMR-2198	105270.2	2022-11-02	25
CMR-2198	105270.3	2022-10-06	24.5
CMR-2198	105270.3	2022-11-02	24.8
CMR-2198	100413.1	2022-10-06	27.8
CMR-2198	100413.1	2022-11-02	29.8
CMR-2198	100413.1	2022-12-06	29.9
CMR-2198	100413.1	2023-01-04	30.9
CMR-2198	100413.1	2023-02-08	32
CMR-2198	100413.1	2023-03-31	32.5
CMR-2198	100413.2	2022-10-06	28.4
CMR-2198	100413.2	2022-11-02	30.7
CMR-2198	100413.2	2022-12-06	31.7
CMR-2198	100413.2	2023-01-04	33
CMR-2198	100413.2	2023-02-08	33
CMR-2198	100413.2	2023-03-31	35.3
CMR-2198	100413.3	2022-10-06	30.8
CMR-2198	100413.3	2022-11-02	32.7
CMR-2198	100413.3	2022-12-06	33.9
CMR-2198	100413.3	2023-01-04	35.3
CMR-2198	100413.3	2023-02-08	36
CMR-2198	100413.3	2023-03-31	38.5
CMR-2371	107266.1	2023-02-15	22.3
CMR-2371	107266.1	2023-03-21	24.7
CMR-2371	107266.2	2023-02-15	25.9
CMR-2371	107266.2	2023-03-21	26.1
CMR-2371	107265.1	2023-02-15	24.1
CMR-2371	107265.1	2023-03-21	23.4
CMR-2371	107267.1	2023-02-15	19.2
CMR-2371	107267.1	2023-03-21	19.5
CMR-2371	107267.2	2023-02-15	20.8
CMR-2371	107267.2	2023-03-21	22.3
CMR-2371	107267.3	2023-02-15	20.4
CMR-2371	107267.3	2023-03-27	21.4
CMR-2371	107270.1	2023-02-15	27.5
CMR-2371	107270.1	2023-03-21	31.3
CMR-2371	107270.2	2023-02-15	28.9
CMR-2371	107270.2	2023-03-21	31
CMR-2371	107270.3	2023-02-15	26.9
CMR-2371	107270.3	2023-03-21	29.1
CMR-2371	107270.4	2023-02-15	25.2
CMR-2371	107270.4	2023-03-27	27.5
CMR-2371	107271.1	2023-02-15	28.3
CMR-2371	107271.1	2023-03-27	31.2
CMR-2371	107271.2	2023-02-15	30
CMR-2371	107271.2	2023-03-27	34.1
CMR-2371	107271.3	2023-02-15	30.4
CMR-2371	107271.3	2023-03-27	33
CMR-2371	107272.1	2023-02-15	21
CMR-2371	107272.2	2023-02-15	19.5
CMR-2371	107272.2	2023-03-27	21.4
CMR-2371	107272.3	2023-02-15	21.7
CMR-2371	107272.3	2023-03-27	24
CMR-2371	107273.1	2023-02-15	19
CMR-2371	107273.1	2023-03-21	20.2
CMR-2371	107273.2	2023-02-15	20.5
CMR-2371	107273.2	2023-03-27	21.6
CMR-2371	107273.3	2023-02-15	20.4
CMR-2371	107273.3	2023-03-27	21.5
CMR-2371	111030.1	2023-02-15	25.2
CMR-2371	111030.1	2023-03-21	27.7
CMR-2371	111030.2	2023-02-15	26.3
CMR-2371	111030.2	2023-03-21	27.6
CMR-2371	111030.3	2023-02-15	24.6
CMR-2371	111030.3	2023-03-21	24.7
CMR-2371	111033.1	2023-02-15	19.4
CMR-2371	111033.1	2023-03-21	21.1
CMR-2371	111033.2	2023-02-15	19.8
CMR-2371	111033.2	2023-03-21	20.4
CMR-2371	111033.3	2023-02-15	19.7
CMR-2371	111033.3	2023-03-21	21.2
CMR-2371	111033.4	2023-02-15	20.8
CMR-2371	111033.4	2023-03-21	22.2
CMR-2371	111033.5	2023-02-15	20.4
CMR-2371	111031.1	2023-02-15	22.2
CMR-2371	111031.1	2023-03-27	23.8
CMR-2371	111031.2	2023-02-15	25.4
CMR-2371	111031.2	2023-03-27	28.5
CMR-2371	111031.3	2023-02-15	26.6
CMR-2371	111031.3	2023-03-27	28.9
CMR-2371	111031.4	2023-02-15	25.3
CMR-2371	111031.4	2023-03-27	28.6
CMR-2371	111031.5	2023-02-15	25
CMR-2371	111031.5	2023-03-27	28.5
CMR-2371	111032.1	2023-02-15	20.1
CMR-2371	111032.1	2023-03-27	21.8
CMR-2371	111032.2	2023-02-15	17.6
CMR-2371	111032.2	2023-03-27	19.2
CMR-2371	111032.3	2023-02-15	18.9
CMR-2371	111032.3	2023-03-27	21.2
CMR-2371	111032.4	2023-02-15	17.3
CMR-2371	111032.4	2023-03-27	19.3
CMR-2752	114716.1	2023-09-11	29.3
CMR-2752	114716.2	2023-09-11	25
CMR-2752	114716.3	2023-09-11	28
CMR-2752	114716.4	2023-09-11	27.9
CMR-2752	114716.5	2023-09-11	27.5
CMR-2752	114717.1	2023-09-11	21.9
CMR-2752	114717.2	2023-09-11	20.9
CMR-2752	114717.3	2023-09-11	18.4
CMR-2752	114717.4	2023-09-11	18.8
CMR-2752	114718.1	2023-09-11	19.8
CMR-2752	114718.2	2023-09-11	19.7
CMR-2752	114718.3	2023-09-11	18.9
CMR-2752	114719.1	2023-09-11	19.8
CMR-2752	114719.2	2023-09-11	20.7
CMR-2752	114719.3	2023-09-11	20.7
CMR-2752	114719.4	2023-09-11	22.1
CMR-2752	114719.5	2023-09-11	21.7
CMR-2752	114720.1	2023-09-11	24.1
CMR-2752	114720.2	2023-09-11	26
CMR-2752	114722.1	2023-09-11	25
CMR-2752	114722.2	2023-09-11	26.1
CMR-2752	114722.3	2023-09-11	23
CMR-2752	114723.1	2023-09-11	21.2
CMR-2752	114723.2	2023-09-11	22.7
CMR-2752	114723.3	2023-09-11	24.1
CMR-2812	118392.1	2023-10-27	30.2
CMR-2812	118392.2	2023-10-27	28
CMR-2812	118393.1	2023-10-27	21.9
CMR-2812	118393.2	2023-10-27	21.5
CMR-2812	118393.3	2023-10-27	20.6
CMR-2812	118393.4	2023-10-27	21.3
CMR-2812	118394.1	2023-10-27	25.3
CMR-2812	118394.2	2023-10-27	26.9
CMR-2812	118394.3	2023-10-27	24.1
CMR-2812	118395.1	2023-10-27	21.7
CMR-2812	118395.2	2023-10-27	21.2
CMR-2812	118395.3	2023-10-27	20.7
CMR-2812	118395.4	2023-10-27	21.6
CMR-2812	118402.1	2023-10-27	26.2
CMR-2812	118402.2	2023-10-27	21.7
CMR-2812	118402.3	2023-10-27	23.3
CMR-2812	118402.4	2023-10-27	23.7
CMR-2812	118402.5	2023-10-27	25.1
CMR-2833	118401.1	2023-11-09	20.3
CMR-2833	118401.2	2023-11-09	21
CMR-2833	118401.3	2023-11-09	21.2
CMR-2833	118401.4	2023-11-09	22.4
CMR-2833	118403.1	2023-11-09	25.3
CMR-2833	118403.2	2023-11-09	23
CMR-2833	118403.3	2023-11-09	23.6
CMR-2833	118406.1	2023-11-09	19.7
CMR-2833	118406.2	2023-11-09	19.6
CMR-2833	118406.3	2023-11-09	18.3
CMR-2833	123728.1	2023-11-09	23.1
CMR-2833	123728.2	2023-11-09	22.5
CMR-2833	123728.3	2023-11-09	24.8
CMR-2833	123728.4	2023-11-09	21.4
CMR-2833	123729.1	2023-11-09	27.1
CMR-2833	123729.2	2023-11-09	25.9
CMR-2833	118404.1	2023-11-09	22.3
CMR-2833	118407.1	2023-11-09	22
CMR-2833	118407.2	2023-11-09	22.1
CMR-2833	118407.3	2023-11-09	22.7
CMR-2833	118416.1	2023-11-09	25.6
CMR-2833	118416.2	2023-11-09	25.5
CMR-2833	123676.3	2023-11-09	21
CMR-2833	123676.4	2023-11-09	23.8
CMR-2833	118408.1	2023-11-09	24.5
CMR-2833	118408.2	2023-11-09	25
CMR-2833	118408.3	2023-11-09	19.5
CMR-2941	118417.1	2024-01-17	17.4
CMR-2941	118417.2	2024-01-17	23.4
CMR-2941	118417.3	2024-01-17	18.4
CMR-2941	118418.1	2024-01-17	26.6
CMR-2941	123384.1	2024-01-17	16.4
CMR-2941	123384.2	2024-01-17	18.3
CMR-2941	123384.3	2024-01-17	19.5
CMR-2941	123385.1	2024-01-17	22.4
CMR-2941	123385.2	2024-01-17	26.4
CMR-2941	123385.3	2024-01-17	25.3
CMR-2941	123385.4	2024-01-17	23
CMR-2941	123385.5	2024-01-17	23.9
CMR-2941	123386.1	2024-01-17	21.8
CMR-2941	123388.1	2024-01-17	25.1
CMR-2941	123388.2	2024-01-17	26.5
CMR-2941	123388.3	2024-01-17	25.7
CMR-2941	123389.1	2024-01-17	23.7
CMR-2941	123389.2	2024-01-17	24.3
CMR-2941	123389.3	2024-01-17	24.2
CMR-2941	123389.4	2024-01-17	25.8
CMR-2941	123389.5	2024-01-17	24.9
CMR-2941	123390.1	2024-01-17	21.2
CMR-2941	123390.2	2024-01-17	19.4
CMR-2941	123390.3	2024-01-17	18.9
CMR-2941	123390.4	2024-01-17	19
CMR-2941	123995.1	2024-01-17	15.4
CMR-2941	123995.2	2024-01-17	16.3
CMR-2941	123995.3	2024-01-17	18.4
CMR-2941	123997.1	2024-01-17	18
CMR-2941	123997.2	2024-01-17	17.7
CMR-2941	123997.3	2024-01-17	18.4
CMR-2941	123999.1	2024-01-17	18
