animal	dpi	weight
YBA2	60	20.4
YBA3	60	19.9
YBA4	60	19.4
YBB1	60	24.5
YBB2	60	25.5
YBB3	60	22.3
YBB4	60	22.4
YBC1	60	22.4
YBC2	60	24.1
YBC3	60	22.2
YBC4	60	22.2
YBD1	60	24.1
YBD2	60	20.8
YBD3	60	22.2
YBD4	60	22
YBE1	60	23.2
YBE2	60	21.9
YBE4	60	22.8
YBF1	60	21.8
YBF2	60	22.4
YBF3	60	24.5
YBF4	60	21.4
YBG1	60	21.3
YBG2	60	23.6
YBG3	60	20.9
YBG4	60	23.7
YBH1	60	23.6
YBH2	60	25.2
YBH4	60	23.8
YBI1	60	25.7
YBI2	60	25.8
YBI3	60	21.4
YBI4	60	20.7
YBJ1	60	23.5
YBJ2	60	22.6
YBJ3	60	22.7
YBJ4	60	27.8
YBK1	60	23.4
YBK2	60	22.4
YBK3	60	25.4
YBK4	60	27.5
YBL1	60	21.8
YBL2	60	21.2
YBL3	60	25.3
YBL4	60	23.3
YBM1	60	27.6
YBM2	60	27.8
YBM3	60	24.4
YBM4	60	22.5
YBN1	60	20.2
YBN2	60	21.8
YBO1	60	28.2
YBO2	60	22.9
YBO3	60	21.6
YBO4	60	22.4
YBP1	60	22.5
YBP2	60	23.4
YBP3	60	22.9
YBP4	60	21.9
YBQ1	60	24.7
YBQ2	60	22.2
YBQ3	60	22.3
YBQ4	60	23
YBS1	60	20.6
YBS2	60	23.3
YBS3	60	22.1
YBS4	60	21.8
YBT1	60	21.6
YBT2	60	18.5
YBT3	60	22.5
YBT4	60	22
YBU1	60	25
YBU2	60	23.8
YBU3	60	23
YBU4	60	22.4
YBA2	71	20.8
YBA3	71	20.6
YBA4	71	19.5
YBB1	71	23.7
YBB2	71	28.3
YBB3	71	22.7
YBB4	71	24
YBC1	71	22.6
YBC2	71	25.8
YBC3	71	22.4
YBC4	71	23.1
YBD1	71	24
YBD2	71	21.4
YBD3	71	22.4
YBD4	71	21.9
YBE1	71	23.5
YBE2	71	23.1
YBE4	71	22.5
YBF1	71	21.9
YBF2	71	23.3
YBF3	71	24.7
YBF4	71	22.3
YBG1	71	21.9
YBG2	71	23.3
YBG3	71	20.6
YBG4	71	23.9
YBH1	71	23.9
YBH2	71	24.2
YBH4	71	24.3
YBI1	71	27.4
YBI2	71	27.2
YBI3	71	23.8
YBI4	71	21.4
YBJ1	71	23.5
YBJ2	71	23.5
YBJ3	71	22.9
YBJ4	71	27.2
YBK1	71	23
YBK2	71	22.1
YBK3	71	25.6
YBK4	71	28.2
YBL1	71	22.7
YBL2	71	22.1
YBL3	71	26.3
YBL4	71	23.8
YBM1	71	27.3
YBM2	71	27.6
YBM3	71	24.9
YBM4	71	23.6
YBN1	71	21.1
YBN2	71	23.2
YBO1	71	28.6
YBO2	71	23
YBO3	71	22.4
YBO4	71	22
YBP1	71	22.7
YBP2	71	24.4
YBP3	71	23.4
YBP4	71	22.8
YBQ1	71	25.6
YBQ2	71	22.5
YBQ3	71	21.7
YBQ4	71	23.1
YBS1	71	22.1
YBS2	71	23.6
YBS3	71	21.8
YBS4	71	23.1
YBT1	71	21.8
YBT2	71	19.4
YBT3	71	22.6
YBT4	71	22.9
YBU1	71	23.8
YBU2	71	24.3
YBU3	71	22.8
YBU4	71	22.8
YBA2	78	22.4
YBA3	78	20.9
YBA4	78	19.4
YBB1	78	22.6
YBB2	78	26.5
YBB3	78	22
YBB4	78	22.2
YBC1	78	22.6
YBC2	78	26.1
YBC3	78	22.4
YBC4	78	23
YBD1	78	23.8
YBD2	78	20.1
YBD3	78	21.9
YBD4	78	21.7
YBE1	78	23.8
YBE2	78	24.5
YBE4	78	22.7
YBF1	78	22
YBF2	78	23.8
YBF3	78	25.7
YBF4	78	23.2
YBG1	78	21.8
YBG2	78	23
YBG3	78	20.7
YBG4	78	24
YBH1	78	24.6
YBH2	78	25.3
YBH4	78	24.9
YBI1	78	26.4
YBI2	78	28.8
YBI3	78	21.3
YBI4	78	20.4
YBJ1	78	23
YBJ2	78	23.8
YBJ3	78	22.6
YBJ4	78	25.7
YBK1	78	22.7
YBK2	78	22
YBK3	78	25
YBK4	78	27.8
YBL1	78	23
YBL2	78	22.2
YBL3	78	25.6
YBL4	78	23.4
YBM1	78	28
YBM2	78	27.3
YBM3	78	25.4
YBM4	78	23.2
YBN1	78	22
YBN2	78	23.8
YBO1	78	28
YBO2	78	23.8
YBO3	78	22.4
YBO4	78	22.1
YBP1	78	23.1
YBP2	78	22.9
YBP3	78	24.5
YBP4	78	22.1
YBQ1	78	25.2
YBQ2	78	23
YBQ3	78	21.7
YBQ4	78	22.9
YBS1	78	21.6
YBS2	78	23.5
YBS3	78	22
YBS4	78	23.2
YBT1	78	21.9
YBT2	78	18.8
YBT3	78	22.9
YBT4	78	22.8
YBU1	78	23.8
YBU2	78	23.5
YBU3	78	21.9
YBU4	78	23.7
YBA2	85	22.8
YBA3	85	21
YBA4	85	19.5
YBB1	85	24.5
YBB2	85	26.4
YBB3	85	21.8
YBB4	85	23.2
YBC1	85	23
YBC2	85	26.2
YBC3	85	22.9
YBC4	85	23
YBD1	85	24
YBD2	85	20.2
YBD3	85	22
YBD4	85	22
YBE1	85	24.1
YBE2	85	24.7
YBE4	85	23
YBF1	85	22.1
YBF2	85	24
YBF3	85	25.9
YBF4	85	23.1
YBG1	85	21.9
YBG2	85	23
YBG3	85	20.8
YBG4	85	24.2
YBH1	85	24.8
YBH2	85	25.7
YBH4	85	25.1
YBI1	85	26.6
YBI2	85	29
YBI3	85	21.1
YBI4	85	20.2
YBJ1	85	23
YBJ2	85	23.9
YBJ3	85	22.6
YBJ4	85	25.9
YBK1	85	22.9
YBK2	85	22.1
YBK3	85	25.1
YBK4	85	27.9
YBL1	85	22.8
YBL2	85	22.3
YBL3	85	26.4
YBL4	85	23.6
YBM1	85	28.3
YBM2	85	27.9
YBM3	85	25.7
YBM4	85	23
YBN1	85	22.5
YBN2	85	24
YBO1	85	28.1
YBO2	85	24.1
YBO3	85	22.5
YBO4	85	22.5
YBP1	85	23.3
YBP2	85	23
YBP3	85	24.9
YBP4	85	21.8
YBQ1	85	25.5
YBQ2	85	22.6
YBQ3	85	21.9
YBQ4	85	23
YBS1	85	21.8
YBS2	85	23.6
YBS3	85	22.2
YBS4	85	23
YBT1	85	22.1
YBT2	85	19.1
YBT3	85	23.6
YBT4	85	22.9
YBU1	85	23.9
YBU2	85	23.7
YBU3	85	22.2
YBU4	85	23.9
YBA2	92	21.1
YBA3	92	20.2
YBA4	92	19.6
YBB1	92	24.5
YBB2	92	27.3
YBB3	92	22.4
YBB4	92	23.9
YBC1	92	23.5
YBC2	92	26.9
YBC3	92	23.8
YBC4	92	24.9
YBD1	92	25
YBD2	92	21.3
YBD3	92	22.5
YBD4	92	22.3
YBE1	92	24.2
YBE2	92	24.7
YBE4	92	23.3
YBF1	92	22.2
YBF2	92	24.2
YBF3	92	26.1
YBF4	92	23.3
YBG1	92	22.2
YBG2	92	23
YBG3	92	20.8
YBG4	92	24.2
YBH1	92	25
YBH2	92	26
YBH4	92	25.4
YBI1	92	26.9
YBI2	92	29.6
YBI3	92	21.4
YBI4	92	20.2
YBJ1	92	23.2
YBJ2	92	24.1
YBJ3	92	22.9
YBJ4	92	26.2
YBK1	92	23.3
YBK2	92	22.2
YBK3	92	25.1
YBK4	92	28.1
YBL1	92	22.6
YBL2	92	22.2
YBL3	92	26.6
YBL4	92	23.5
YBM1	92	28.7
YBM2	92	28.2
YBM3	92	25.5
YBM4	92	23.1
YBN1	92	22.7
YBN2	92	24.2
YBO1	92	28
YBO2	92	24.4
YBO3	92	22.2
YBO4	92	22.1
YBP1	92	23.6
YBP2	92	23
YBP3	92	25.2
YBP4	92	22
YBQ1	92	25.7
YBQ2	92	22.2
YBQ3	92	22
YBQ4	92	22.8
YBS1	92	21.9
YBS2	92	23.6
YBS3	92	22
YBS4	92	23
YBT1	92	22
YBT2	92	19.2
YBT3	92	23.1
YBT4	92	23.1
YBU1	92	24.3
YBU2	92	23.9
YBU3	92	22
YBU4	92	24
YBA2	99	21.7
YBA3	99	20
YBA4	99	20
YBB1	99	24.1
YBB2	99	29.4
YBB3	99	22
YBB4	99	24.2
YBC1	99	23.7
YBC2	99	27.1
YBC3	99	22.8
YBC4	99	25.6
YBD1	99	24
YBD2	99	20.3
YBD3	99	22.3
YBD4	99	23.3
YBE1	99	25.7
YBE2	99	23.1
YBE4	99	23.8
YBF1	99	21.3
YBF2	99	23.3
YBF3	99	28.7
YBF4	99	23.1
YBG1	99	21.5
YBG2	99	24.6
YBG3	99	20.8
YBG4	99	23.5
YBH1	99	26.7
YBH2	99	26.8
YBH4	99	26
YBI1	99	26
YBI2	99	27.7
YBI3	99	22.9
YBI4	99	21
YBJ1	99	24.7
YBJ2	99	23.4
YBJ3	99	24.8
YBJ4	99	27.1
YBK1	99	24.4
YBK2	99	23
YBK3	99	25.8
YBK4	99	30.8
YBL1	99	22.7
YBL2	99	22.9
YBL3	99	27.1
YBL4	99	23.9
YBM1	99	31.1
YBM2	99	29.5
YBM3	99	27
YBM4	99	24.7
YBN1	99	22
YBN2	99	22.7
YBO1	99	29.6
YBO2	99	24.1
YBO3	99	23.1
YBO4	99	24.6
YBP1	99	24.2
YBP2	99	23.2
YBP3	99	25.6
YBP4	99	21.6
YBQ1	99	26.3
YBQ2	99	23.5
YBQ3	99	22.4
YBQ4	99	25.2
YBS1	99	23
YBS2	99	24.9
YBS3	99	23
YBS4	99	24.7
YBT1	99	22.7
YBT2	99	20.3
YBT3	99	23.6
YBT4	99	23.9
YBU1	99	25.3
YBU2	99	25.5
YBU3	99	23.8
YBU4	99	24.9
YBA2	106	21.8
YBA3	106	20
YBA4	106	20
YBB1	106	24
YBB2	106	30
YBB3	106	22.1
YBB4	106	24
YBC1	106	23.9
YBC2	106	27.8
YBC3	106	23
YBC4	106	26.2
YBD1	106	24.2
YBD2	106	20.7
YBD3	106	22.7
YBD4	106	23.6
YBE1	106	25.5
YBE2	106	23.2
YBE4	106	24
YBF1	106	21.1
YBF2	106	23
YBF3	106	28.4
YBF4	106	23.2
YBG1	106	21.4
YBG2	106	24.4
YBG3	106	20.7
YBG4	106	23.6
YBH1	106	26.6
YBH2	106	26.9
YBH4	106	26.2
YBI1	106	26
YBI2	106	30.2
YBI3	106	23.4
YBI4	106	21.4
YBJ1	106	24.8
YBJ2	106	23.6
YBJ3	106	24.4
YBJ4	106	27
YBK1	106	24.7
YBK2	106	23.2
YBK3	106	26.1
YBK4	106	30.6
YBL1	106	22.6
YBL2	106	23
YBL3	106	27
YBL4	106	24.2
YBM1	106	31.3
YBM2	106	30
YBM3	106	27.2
YBM4	106	24.5
YBN1	106	22
YBN2	106	22.9
YBO1	106	30.1
YBO2	106	24
YBO3	106	23.3
YBO4	106	24.4
YBP1	106	24.8
YBP2	106	23
YBP3	106	25.8
YBP4	106	21.5
YBQ1	106	26.8
YBQ2	106	24.2
YBQ3	106	22.9
YBQ4	106	25.5
YBS1	106	23.2
YBS2	106	25.1
YBS3	106	23.2
YBS4	106	24.8
YBT1	106	22.5
YBT2	106	20.7
YBT3	106	23.7
YBT4	106	24
YBU1	106	25.5
YBU2	106	25.8
YBU3	106	24.1
YBU4	106	25
YBA2	113	20.9
YBA3	113	20.3
YBA4	113	20.9
YBB1	113	24.7
YBB2	113	29.2
YBB3	113	24.6
YBB4	113	25.2
YBC1	113	23.1
YBC2	113	27.3
YBC3	113	23.5
YBC4	113	24.6
YBD1	113	24.6
YBD2	113	20.9
YBD3	113	22.6
YBD4	113	23.4
YBE1	113	26.6
YBE2	113	24.4
YBE4	113	22.2
YBF1	113	21.4
YBF2	113	23.1
YBF3	113	27.8
YBF4	113	23.2
YBG1	113	21.4
YBG2	113	23.5
YBG3	113	20.6
YBG4	113	24.4
YBH1	113	26.7
YBH2	113	25.8
YBH4	113	27.7
YBI1	113	26.1
YBI2	113	29.2
YBI3	113	23.3
YBI4	113	21.4
YBJ1	113	24.4
YBJ2	113	24.8
YBJ3	113	23.5
YBJ4	113	27.4
YBK1	113	25
YBK2	113	22.8
YBK3	113	27.3
YBK4	113	32.1
YBL1	113	24.1
YBL2	113	22.5
YBL3	113	25.1
YBL4	113	23.9
YBM1	113	29.6
YBM2	113	28.6
YBM3	113	27.8
YBM4	113	25
YBN1	113	21.8
YBN2	113	21.7
YBO1	113	28
YBO2	113	24.6
YBO3	113	23
YBO4	113	22
YBP1	113	23.1
YBP2	113	22.3
YBP3	113	24.6
YBP4	113	21.4
YBQ1	113	26.8
YBQ2	113	24.9
YBQ3	113	24.2
YBQ4	113	24.2
YBS1	113	23
YBS2	113	26.1
YBS3	113	24.4
YBS4	113	25.6
YBT1	113	23.6
YBT2	113	20
YBT3	113	24.1
YBT4	113	24.9
YBU1	113	25.1
YBU2	113	25.9
YBU3	113	23.9
YBU4	113	24.4
YBA2	116	21
YBA3	116	19.4
YBA4	116	20.9
YBB1	116	26.1
YBB2	116	30.8
YBB3	116	23
YBB4	116	26.3
YBC1	116	23
YBC2	116	26.5
YBC3	116	23.5
YBC4	116	24.5
YBD1	116	25.6
YBD2	116	21.2
YBD3	116	23
YBD4	116	23.1
YBE1	116	25.4
YBE2	116	25
YBE4	116	22.5
YBF1	116	21.6
YBF2	116	22.6
YBF3	116	28.5
YBF4	116	22.2
YBG1	116	21.8
YBG2	116	24.1
YBG3	116	21.2
YBG4	116	24.9
YBH1	116	26
YBH2	116	25.6
YBH4	116	26.6
YBI1	116	27
YBI2	116	29.7
YBI3	116	24.3
YBI4	116	22.4
YBJ1	116	24.6
YBJ2	116	23.6
YBJ3	116	24
YBJ4	116	26.8
YBK1	116	25
YBK2	116	22.6
YBK3	116	28.1
YBK4	116	32
YBL1	116	23.5
YBL2	116	22.1
YBL3	116	25.6
YBL4	116	24.4
YBM1	116	29.5
YBM2	116	29.4
YBM3	116	28.5
YBM4	116	25.9
YBN1	116	20.9
YBN2	116	22.7
YBO1	116	28.5
YBO2	116	26.2
YBO3	116	24
YBO4	116	22.6
YBP1	116	24
YBP2	116	23.8
YBP3	116	25.8
YBP4	116	22.3
YBQ1	116	25.7
YBQ2	116	23.7
YBQ3	116	23.9
YBQ4	116	23.9
YBS1	116	23.2
YBS2	116	25.9
YBS3	116	23.9
YBS4	116	26.1
YBT1	116	23.1
YBT2	116	20
YBT3	116	24.3
YBT4	116	24
YBU1	116	25.1
YBU2	116	25.2
YBU3	116	23.9
YBU4	116	25
YBA2	118	21
YBA3	118	19.8
YBA4	118	21
YBB1	118	26.2
YBB2	118	31
YBB3	118	23.2
YBB4	118	26.1
YBC1	118	23.2
YBC2	118	26.3
YBC3	118	23.6
YBC4	118	24.4
YBD1	118	25.5
YBD2	118	21
YBD3	118	23.2
YBD4	118	23.1
YBE1	118	24.6
YBE2	118	25
YBE4	118	22.2
YBF1	118	21.6
YBF2	118	22.4
YBF3	118	28.8
YBF4	118	22
YBG1	118	21.9
YBG2	118	24.3
YBG3	118	21.6
YBG4	118	25
YBH1	118	26
YBH2	118	25.7
YBH4	118	26.6
YBI1	118	27.1
YBI2	118	30
YBI3	118	24.4
YBI4	118	22.1
YBJ1	118	24.6
YBJ2	118	23.6
YBJ3	118	24
YBJ4	118	26.7
YBK1	118	25.3
YBK2	118	22.2
YBK3	118	28
YBK4	118	32
YBL1	118	23.4
YBL2	118	22
YBL3	118	25.6
YBL4	118	24.5
YBM1	118	29.5
YBM2	118	29.2
YBM3	118	28.8
YBM4	118	26
YBN1	118	21.1
YBN2	118	22.6
YBO1	118	28.5
YBO2	118	26.2
YBO3	118	24.1
YBO4	118	22.5
YBP1	118	24.2
YBP2	118	23.8
YBP3	118	25.8
YBP4	118	22.2
YBQ1	118	25.7
YBQ2	118	23.5
YBQ3	118	24
YBQ4	118	23.8
YBS1	118	23.2
YBS2	118	26.1
YBS3	118	23.9
YBS4	118	26
YBT1	118	23.2
YBT2	118	20.1
YBT3	118	24.2
YBT4	118	24
YBU1	118	25.1
YBU2	118	25.3
YBU3	118	24.1
YBU4	118	25
YBA2	120	20.5
YBA3	120	20.1
YBA4	120	20.6
YBB1	120	25.8
YBB2	120	30.3
YBB3	120	23
YBB4	120	25.8
YBC1	120	22.8
YBC2	120	23.8
YBC3	120	23.8
YBC4	120	23.7
YBD1	120	26.1
YBD2	120	21.8
YBD3	120	23
YBD4	120	23.9
YBE1	120	26.5
YBE2	120	25.4
YBE4	120	22.9
YBF1	120	21.4
YBF2	120	21.4
YBF3	120	27.6
YBF4	120	21.4
YBG1	120	19.7
YBG2	120	23.7
YBG3	120	19.6
YBG4	120	25.3
YBH1	120	24.5
YBH2	120	25.4
YBH4	120	26.5
YBI1	120	27
YBI2	120	29.7
YBI3	120	24.2
YBI4	120	22.4
YBJ1	120	24.8
YBJ2	120	23.8
YBJ3	120	24.3
YBJ4	120	27.3
YBK1	120	23.6
YBK2	120	22.3
YBK3	120	25.6
YBK4	120	32.2
YBL1	120	22.6
YBL2	120	22.1
YBL3	120	26.4
YBL4	120	24.6
YBM1	120	29.4
YBM2	120	28.9
YBM3	120	26.2
YBM4	120	25.4
YBN1	120	21
YBN2	120	22.3
YBO1	120	28.4
YBO2	120	24.6
YBO3	120	23.8
YBO4	120	22.6
YBP1	120	23.2
YBP2	120	24.2
YBP3	120	25.6
YBP4	120	22.4
YBQ1	120	25.7
YBQ2	120	24.4
YBQ3	120	23
YBQ4	120	23.5
YBS1	120	22.9
YBS2	120	25.3
YBS3	120	24
YBS4	120	25
YBT1	120	23.4
YBT2	120	19.8
YBT3	120	24.3
YBT4	120	24.4
YBU1	120	25.5
YBU2	120	26
YBU3	120	23
YBU4	120	24.8
YBA2	123	20.3
YBA3	123	20
YBA4	123	20.8
YBB1	123	26.1
YBB2	123	30.3
YBB3	123	23.1
YBB4	123	26
YBC1	123	23.1
YBC2	123	23.7
YBC3	123	23.9
YBC4	123	23.7
YBD1	123	26
YBD2	123	21.6
YBD3	123	23.3
YBD4	123	24.2
YBE1	123	26.6
YBE2	123	25.5
YBE4	123	23.2
YBF1	123	21.7
YBF2	123	21.5
YBF3	123	27.5
YBF4	123	21.5
YBG1	123	20
YBG2	123	23.8
YBG3	123	20
YBG4	123	25.5
YBH1	123	24.8
YBH2	123	25.5
YBH4	123	26.6
YBI1	123	27.1
YBI2	123	29.9
YBI3	123	24.4
YBI4	123	22.6
YBJ1	123	24.8
YBJ2	123	23.9
YBJ3	123	24.4
YBJ4	123	27.1
YBK1	123	23.9
YBK2	123	22
YBK3	123	25.5
YBK4	123	32
YBL1	123	22.7
YBL2	123	22
YBL3	123	26.6
YBL4	123	24.2
YBM1	123	29.9
YBM2	123	29
YBM3	123	25.9
YBM4	123	25.1
YBN1	123	21
YBN2	123	22.7
YBO1	123	28.5
YBO2	123	24.5
YBO3	123	24.1
YBO4	123	22.4
YBP1	123	23
YBP2	123	24
YBP3	123	25.5
YBP4	123	22.1
YBQ1	123	25.7
YBQ2	123	24.8
YBQ3	123	23.5
YBQ4	123	23.1
YBS1	123	23.2
YBS2	123	25.1
YBS3	123	24.3
YBS4	123	25.5
YBT1	123	23.7
YBT2	123	20
YBT3	123	24.4
YBT4	123	24.4
YBU1	123	25.8
YBU2	123	26.3
YBU3	123	23.3
YBU4	123	25
YBA2	125	20.7
YBA3	125	19.7
YBA4	125	20.8
YBB1	125	25.3
YBB2	125	30.5
YBB3	125	24.3
YBB4	125	26.1
YBC1	125	22.1
YBC2	125	23.6
YBC3	125	22.9
YBC4	125	23.7
YBD1	125	24.8
YBD2	125	21
YBD3	125	23.2
YBD4	125	24.1
YBE1	125	26
YBE2	125	23.2
YBE4	125	22.7
YBF1	125	21.2
YBF2	125	22
YBF3	125	28.8
YBF4	125	21.3
YBG1	125	20.1
YBG3	125	20.6
YBG4	125	24.8
YBH1	125	23.4
YBH2	125	24.4
YBH4	125	26.4
YBI1	125	25.2
YBI2	125	29.7
YBI3	125	23.8
YBI4	125	22.8
YBJ1	125	24.8
YBJ2	125	24.6
YBJ3	125	24.3
YBJ4	125	26.6
YBK1	125	23.2
YBK2	125	22.2
YBK3	125	24.1
YBK4	125	31.4
YBL1	125	22.2
YBL2	125	21.8
YBL3	125	26.2
YBL4	125	24.1
YBM1	125	29.9
YBM2	125	27.7
YBM3	125	24.8
YBM4	125	25.6
YBN1	125	21.2
YBN2	125	22
YBO1	125	27.3
YBO2	125	24.5
YBO3	125	22.8
YBO4	125	21.3
YBP1	125	23.2
YBP2	125	23.8
YBP3	125	25.7
YBP4	125	22.2
YBQ1	125	25.7
YBQ2	125	24.4
YBQ3	125	22.2
YBQ4	125	23.7
YBS1	125	22.8
YBS2	125	25.3
YBS3	125	22.8
YBS4	125	24.2
YBT1	125	23.8
YBT2	125	20.7
YBT3	125	24.7
YBT4	125	24.6
YBU1	125	25
YBU2	125	25
YBU3	125	22.3
YBU4	125	25.3
YBA2	127	20.7
YBA3	127	19.7
YBA4	127	20.7
YBB1	127	25.5
YBB2	127	30.5
YBB3	127	24.1
YBB4	127	26
YBC1	127	22
YBC2	127	23.6
YBC3	127	23.1
YBC4	127	23.6
YBD1	127	24.6
YBD2	127	21
YBD3	127	23.1
YBD4	127	24
YBE1	127	26
YBE4	127	22.6
YBF1	127	21
YBF3	127	28.9
YBF4	127	21.1
YBG1	127	20.1
YBG3	127	20.9
YBG4	127	24.8
YBH1	127	23.3
YBH2	127	24.4
YBH4	127	26.4
YBI1	127	25.2
YBI2	127	29.7
YBI3	127	23.6
YBI4	127	23
YBJ1	127	24.7
YBJ2	127	24.6
YBJ3	127	24.3
YBJ4	127	26.4
YBK1	127	23.1
YBK2	127	22
YBK3	127	24.2
YBK4	127	31.5
YBL1	127	22
YBL2	127	21.6
YBL3	127	26.1
YBL4	127	24.1
YBM1	127	30
YBM2	127	27.5
YBM3	127	24.8
YBM4	127	25.7
YBN1	127	21
YBN2	127	22
YBO1	127	27.1
YBO2	127	24.5
YBO3	127	22.8
YBO4	127	21.1
YBP1	127	23.2
YBP2	127	23.9
YBP3	127	25.8
YBP4	127	22.2
YBQ1	127	25.7
YBQ2	127	24.4
YBQ3	127	22.1
YBQ4	127	23.8
YBS1	127	22.8
YBS2	127	25.5
YBS3	127	22.8
YBS4	127	24
YBT1	127	23.9
YBT2	127	21.1
YBT3	127	24.9
YBT4	127	24.4
YBU1	127	24.9
YBU2	127	25.1
YBU3	127	22.2
YBU4	127	25.5
YBA2	130	20.7
YBA3	130	19.6
YBA4	130	20.5
YBB1	130	25.3
YBB2	130	30.7
YBB3	130	24.6
YBB4	130	26.4
YBC1	130	21.8
YBC2	130	23.1
YBC3	130	23.4
YBC4	130	23.4
YBD1	130	24.2
YBD2	130	21.2
YBD3	130	23.2
YBD4	130	24.2
YBE1	130	26.3
YBE4	130	22.2
YBF1	130	21.4
YBF3	130	29.1
YBF4	130	21
YBG1	130	19.8
YBG3	130	21.1
YBG4	130	24.5
YBH1	130	23
YBH2	130	24.5
YBH4	130	26.2
YBI1	130	25
YBI2	130	29.4
YBI3	130	23.8
YBI4	130	23.2
YBJ1	130	24.8
YBJ2	130	24.4
YBJ3	130	24
YBJ4	130	26.2
YBK1	130	23
YBK2	130	21.8
YBK3	130	24.6
YBK4	130	31.7
YBL1	130	22.1
YBL2	130	21.9
YBL3	130	25.9
YBL4	130	24
YBM1	130	30.5
YBM2	130	27.8
YBM3	130	24.4
YBM4	130	25.9
YBN1	130	21
YBN2	130	22.5
YBO1	130	27.5
YBO2	130	24.8
YBO3	130	22.4
YBO4	130	21
YBP1	130	23.5
YBP2	130	24.1
YBP3	130	26.1
YBP4	130	22
YBQ1	130	25.4
YBQ2	130	24.8
YBQ3	130	22
YBQ4	130	24
YBS1	130	22.6
YBS2	130	25.5
YBS3	130	23.2
YBS4	130	24.2
YBT1	130	24.3
YBT2	130	21
YBT3	130	25
YBT4	130	24.8
YBU1	130	25.1
YBU2	130	24.9
YBU3	130	22.5
YBU4	130	25.7
YBA2	132	21.7
YBA3	132	20.7
YBA4	132	21.2
YBB1	132	26.7
YBB2	132	32.4
YBB3	132	26.8
YBB4	132	27.6
YBC1	132	22.3
YBC2	132	24.3
YBC3	132	23.7
YBC4	132	23.6
YBD1	132	26.2
YBD2	132	22.2
YBD3	132	24.2
YBD4	132	24.8
YBE1	132	28
YBE4	132	23.2
YBF1	132	21.7
YBF3	132	27.8
YBF4	132	22.3
YBG1	132	20.1
YBG3	132	20.7
YBG4	132	23.7
YBH1	132	24
YBH2	132	25.1
YBH4	132	27.2
YBI1	132	24.2
YBI2	132	32.9
YBI3	132	23.7
YBI4	132	23.2
YBJ1	132	24.6
YBJ2	132	24.7
YBJ3	132	24.5
YBJ4	132	25.2
YBK1	132	24
YBK2	132	22.2
YBK3	132	25.5
YBK4	132	31.7
YBL1	132	21.9
YBL2	132	21.2
YBL3	132	25.2
YBL4	132	24.8
YBM1	132	28.9
YBM2	132	26.5
YBM3	132	23.6
YBM4	132	25.5
YBN1	132	20.9
YBN2	132	21.6
YBO1	132	25.8
YBO2	132	23.1
YBO3	132	23.4
YBO4	132	21.3
YBP1	132	21.8
YBP2	132	23.9
YBP3	132	23.9
YBP4	132	22.2
YBQ1	132	25.9
YBQ2	132	24.8
YBQ3	132	22.9
YBQ4	132	23.2
YBS1	132	23.7
YBS2	132	25.7
YBS3	132	23.4
YBS4	132	25.4
YBT1	132	24.3
YBT2	132	20.4
YBT3	132	25.3
YBT4	132	24.9
YBU1	132	26.8
YBU2	132	25.9
YBU3	132	24.3
YBU4	132	26
YBA2	137	21.4
YBA3	137	20.5
YBA4	137	21
YBB1	137	26.5
YBB2	137	32.1
YBB3	137	26.6
YBB4	137	27.7
YBC1	137	22.1
YBC2	137	24
YBC3	137	23.4
YBC4	137	23.1
YBD1	137	26
YBD2	137	22.2
YBD3	137	24
YBD4	137	25
YBE1	137	27.8
YBE4	137	23
YBF1	137	21.5
YBF3	137	27.7
YBF4	137	22
YBG1	137	20.1
YBG3	137	20.5
YBG4	137	23.4
YBH1	137	24.1
YBH2	137	25
YBH4	137	27.1
YBI1	137	24.4
YBI2	137	32.4
YBI3	137	23.3
YBI4	137	23
YBJ1	137	24.1
YBJ2	137	24.6
YBJ3	137	24.4
YBJ4	137	25.1
YBK1	137	24
YBK2	137	22
YBK3	137	25.3
YBK4	137	31.6
YBL1	137	22.1
YBL2	137	21
YBL3	137	25
YBL4	137	24.5
YBM1	137	28.7
YBM2	137	26.2
YBM3	137	23.3
YBM4	137	25.1
YBN1	137	21.2
YBN2	137	21.4
YBO1	137	25.5
YBO2	137	23
YBO3	137	23.2
YBO4	137	21.1
YBP1	137	21.6
YBP2	137	23.4
YBP3	137	23.5
YBP4	137	22
YBQ1	137	25.6
YBQ2	137	24.6
YBQ3	137	23.2
YBQ4	137	23
YBS1	137	23.6
YBS2	137	25.5
YBS3	137	23.4
YBS4	137	25.1
YBT1	137	24.3
YBT2	137	20.7
YBT3	137	25.1
YBT4	137	25.2
YBU1	137	26.5
YBU2	137	26.2
YBU3	137	24
YBU4	137	26.1
YBA2	139	20.1
YBA3	139	21.3
YBA4	139	20.4
YBB1	139	26.9
YBB2	139	32.9
YBB3	139	24.1
YBB4	139	27.4
YBC1	139	22.6
YBC2	139	23.9
YBC3	139	24.1
YBC4	139	22.2
YBD1	139	27
YBD2	139	22.4
YBD3	139	24.6
YBD4	139	25.3
YBE1	139	27.3
YBE4	139	23.9
YBF1	139	22
YBF3	139	27.5
YBF4	139	22.2
YBG1	139	20.7
YBG3	139	21.4
YBG4	139	23.8
YBH1	139	23.3
YBH2	139	25.2
YBH4	139	27.6
YBI1	139	23.3
YBI2	139	30.8
YBI3	139	22.9
YBI4	139	22.1
YBJ1	139	23.4
YBJ2	139	23.5
YBJ3	139	23.8
YBJ4	139	24.5
YBK1	139	23.6
YBK2	139	21.7
YBK3	139	25.8
YBK4	139	32.9
YBL1	139	22.8
YBL2	139	21.2
YBL3	139	23.7
YBL4	139	25.2
YBM1	139	29
YBM2	139	25.6
YBM3	139	23.5
YBM4	139	24.3
YBN1	139	21.4
YBN2	139	20.7
YBO1	139	25.9
YBO2	139	23
YBO3	139	22.8
YBO4	139	21
YBP1	139	22
YBP2	139	23.2
YBP3	139	23.6
YBP4	139	22.3
YBQ1	139	25.7
YBQ2	139	23.9
YBQ3	139	23
YBQ4	139	23.2
YBS1	139	24.6
YBS2	139	26.1
YBS3	139	23.5
YBS4	139	25.4
YBT1	139	24.2
YBT2	139	20.3
YBT3	139	24.8
YBT4	139	24.8
YBU1	139	27
YBU2	139	26.1
YBU3	139	23.5
YBU4	139	26.3
YBA2	141	20
YBA3	141	21.1
YBA4	141	20.3
YBB1	141	27
YBB2	141	33.1
YBB3	141	23.9
YBB4	141	27.4
YBC1	141	22.6
YBC2	141	24.1
YBC3	141	24
YBC4	141	22
YBD1	141	27.2
YBD2	141	22.5
YBD3	141	24.6
YBD4	141	25.5
YBE1	141	27
YBE4	141	24.1
YBF1	141	22.2
YBF3	141	27.5
YBF4	141	22.2
YBG1	141	20.8
YBG3	141	21.5
YBG4	141	24
YBH1	141	23
YBH2	141	25.1
YBH4	141	28
YBI1	141	23.1
YBI2	141	30.8
YBI3	141	22.7
YBI4	141	22.1
YBJ1	141	22.8
YBJ2	141	22.9
YBJ3	141	22.7
YBJ4	141	19.4
YBK1	141	23.3
YBK2	141	21.5
YBK3	141	26
YBK4	141	33.1
YBL1	141	22.8
YBL2	141	21
YBL3	141	23.4
YBL4	141	25.3
YBM1	141	28.8
YBM2	141	25.5
YBM3	141	23.5
YBM4	141	24.4
YBN1	141	21.4
YBN2	141	20.7
YBO1	141	26
YBO2	141	23
YBO3	141	22.6
YBO4	141	21
YBP1	141	22.2
YBP2	141	23.2
YBP3	141	23.5
YBP4	141	22
YBQ1	141	25.6
YBQ2	141	23.7
YBQ3	141	22.9
YBQ4	141	23.2
YBS1	141	24.5
YBS2	141	26
YBS3	141	23.4
YBS4	141	25.5
YBT1	141	24.2
YBT2	141	20.3
YBT3	141	24.8
YBT4	141	24.6
YBU1	141	27
YBU2	141	26.2
YBU3	141	23.4
YBU4	141	26.3
YBA2	144	20.2
YBA3	144	21
YBA4	144	20.3
YBB1	144	26.8
YBB2	144	33
YBB3	144	24
YBB4	144	27.5
YBC1	144	22.3
YBC2	144	24
YBC3	144	24
YBC4	144	22.2
YBD1	144	26.8
YBD2	144	22.8
YBD3	144	24.5
YBD4	144	25.7
YBE1	144	27
YBE4	144	24
YBF1	144	22
YBF3	144	27.8
YBF4	144	22
YBG1	144	21.1
YBG3	144	21.3
YBG4	144	24
YBH1	144	22.8
YBH2	144	24.8
YBH4	144	28
YBI1	144	23.6
YBI2	144	31.8
YBI3	144	22.7
YBI4	144	22.6
YBJ1	144	23.1
YBJ2	144	23
YBJ3	144	23
YBK1	144	23.6
YBK2	144	21.3
YBK3	144	26.2
YBK4	144	33
YBL1	144	22.7
YBL2	144	21.4
YBL3	144	23.3
YBL4	144	25.5
YBM1	144	28.6
YBM2	144	25.2
YBM3	144	23.5
YBM4	144	24.8
YBN1	144	21.5
YBN2	144	20.9
YBO1	144	26.2
YBO2	144	23.3
YBO3	144	22.5
YBO4	144	21.3
YBP1	144	22.1
YBP2	144	23
YBP3	144	23.7
YBP4	144	22.4
YBQ1	144	25.4
YBQ2	144	23.7
YBQ3	144	23.2
YBQ4	144	23.6
YBS1	144	24.5
YBS2	144	26.3
YBS3	144	23.7
YBS4	144	25
YBT1	144	24.1
YBT2	144	20.5
YBT3	144	25
YBT4	144	24.9
YBU1	144	27.1
YBU2	144	26.4
YBU3	144	23.6
YBU4	144	26.1
YBA2	146	18.9
YBA3	146	20.8
YBA4	146	21
YBB1	146	26.7
YBB2	146	33.8
YBB3	146	24.8
YBB4	146	27.5
YBC1	146	20.8
YBC2	146	23.2
YBC3	146	23.3
YBC4	146	22.2
YBD1	146	26.8
YBD2	146	22.9
YBD3	146	24.5
YBD4	146	26.1
YBE1	146	27.4
YBE4	146	23.4
YBF1	146	22.1
YBF3	146	27
YBF4	146	22.3
YBG1	146	20.6
YBG3	146	19.9
YBG4	146	22.6
YBH1	146	23.5
YBH2	146	24.5
YBH4	146	28
YBI1	146	23.8
YBI2	146	32
YBI3	146	22.6
YBI4	146	22.6
YBJ1	146	21.5
YBJ2	146	22.8
YBJ3	146	22.7
YBK1	146	23.2
YBK2	146	22.6
YBK3	146	25.3
YBK4	146	33.8
YBL1	146	23.2
YBL2	146	20.8
YBL3	146	23.9
YBL4	146	25.4
YBM1	146	28.1
YBM2	146	24.4
YBM3	146	22.8
YBM4	146	26.1
YBN1	146	23.2
YBN2	146	20.2
YBO1	146	25.1
YBO2	146	22.3
YBO3	146	21.3
YBO4	146	20.5
YBP1	146	21.5
YBP2	146	22.3
YBP3	146	22.9
YBP4	146	22.3
YBQ1	146	25.7
YBQ2	146	23
YBQ3	146	23.3
YBQ4	146	23
YBS1	146	23.9
YBS2	146	25.8
YBS3	146	23.4
YBS4	146	25.8
YBT1	146	23.8
YBT2	146	20.4
YBT3	146	25.8
YBT4	146	24.5
YBU1	146	27.3
YBU2	146	25.9
YBU3	146	23.9
YBU4	146	25.7
YBA2	148	18.8
YBA3	148	20.7
YBA4	148	21.1
YBB1	148	26.7
YBB2	148	33.7
YBB3	148	24.8
YBB4	148	27.6
YBC1	148	20.8
YBC2	148	23.1
YBC3	148	23.3
YBC4	148	22
YBD1	148	26.6
YBD2	148	23
YBD3	148	24.2
YBD4	148	25.9
YBE1	148	27.5
YBE4	148	23.1
YBF1	148	22
YBF3	148	26.9
YBF4	148	22.1
YBG1	148	20.9
YBG3	148	19.8
YBG4	148	22.4
YBH1	148	23.4
YBH2	148	24.4
YBH4	148	28.2
YBI1	148	23.8
YBI2	148	32
YBI3	148	22.6
YBI4	148	22.5
YBJ1	148	21.4
YBJ2	148	22.5
YBJ3	148	22.7
YBK1	148	23
YBK2	148	22.6
YBK3	148	25.2
YBK4	148	34
YBL1	148	23
YBL2	148	21.1
YBL3	148	23.8
YBL4	148	25.5
YBM1	148	28
YBM2	148	24.2
YBM3	148	22.6
YBM4	148	26
YBN1	148	23
YBN2	148	20.1
YBO1	148	25
YBO2	148	22.3
YBO3	148	21.1
YBO4	148	20.2
YBP1	148	21.5
YBP2	148	22.2
YBP3	148	23
YBP4	148	22.3
YBQ1	148	25.7
YBQ2	148	23.2
YBQ3	148	23.3
YBQ4	148	23
YBS1	148	24.2
YBS2	148	25.5
YBS3	148	23.1
YBS4	148	25.8
YBT1	148	23.8
YBT2	148	20.5
YBT3	148	25.8
YBT4	148	24.2
YBU1	148	27.3
YBU2	148	26.2
YBU3	148	24.2
YBU4	148	25.7
YBA3	151	20.5
YBA4	151	20.8
YBB1	151	26.6
YBB2	151	33.5
YBB3	151	24.9
YBB4	151	27.9
YBC1	151	21.1
YBC2	151	23
YBC3	151	23.5
YBC4	151	22.2
YBD1	151	27
YBD2	151	23.3
YBD3	151	24.6
YBD4	151	26.2
YBE1	151	27.3
YBE4	151	23
YBF1	151	21.8
YBF3	151	27.1
YBF4	151	22
YBG1	151	21.2
YBG3	151	20
YBG4	151	22.1
YBH1	151	23.1
YBH2	151	24.2
YBH4	151	28.4
YBI1	151	24.1
YBI2	151	32.2
YBI3	151	22.4
YBI4	151	22.4
YBJ1	151	21.4
YBJ2	151	22.7
YBJ3	151	22.7
YBK1	151	23.5
YBK2	151	22.4
YBK3	151	25.5
YBK4	151	33.8
YBL1	151	22.9
YBL2	151	21.3
YBL3	151	23.7
YBL4	151	25.7
YBM1	151	28
YBM2	151	24
YBM3	151	22.8
YBM4	151	26.3
YBN1	151	23
YBN2	151	20.4
YBO1	151	24.8
YBO2	151	22
YBO3	151	21
YBO4	151	20.3
YBP1	151	21.7
YBP2	151	22
YBP3	151	23.3
YBP4	151	22.5
YBQ1	151	25.4
YBQ2	151	23.4
YBQ3	151	23.3
YBQ4	151	23
YBS1	151	24.4
YBS2	151	25.6
YBS3	151	23.3
YBS4	151	26
YBT1	151	24.1
YBT2	151	20.5
YBT3	151	25.7
YBT4	151	24
YBU1	151	27.6
YBU2	151	26.3
YBU3	151	24.2
YBU4	151	26.1
YBA3	153	20.8
YBA4	153	20.4
YBB1	153	27.3
YBB2	153	34.3
YBB3	153	25.3
YBB4	153	28.2
YBC1	153	21.6
YBC2	153	22.4
YBC3	153	22.8
YBC4	153	22.1
YBD1	153	25.4
YBD2	153	22.5
YBD3	153	24.6
YBD4	153	26.7
YBE1	153	26.2
YBE4	153	23.7
YBF1	153	23.4
YBF3	153	26.6
YBF4	153	22.7
YBG1	153	19.6
YBG3	153	19.5
YBG4	153	22
YBH1	153	24
YBH2	153	24.6
YBH4	153	29
YBI1	153	22.9
YBI2	153	30.9
YBI3	153	21.9
YBI4	153	22
YBJ1	153	22.6
YBJ2	153	22.6
YBJ3	153	22.6
YBK1	153	23.6
YBK2	153	23.4
YBK3	153	25
YBK4	153	33.3
YBL1	153	22
YBL2	153	21.2
YBL3	153	23.8
YBL4	153	24.6
YBM1	153	27.9
YBM2	153	24.6
YBM3	153	22.6
YBM4	153	26
YBN1	153	22
YBN2	153	20.2
YBO1	153	24.5
YBO2	153	19.7
YBO3	153	19.9
YBO4	153	20.8
YBP1	153	22
YBP2	153	21.6
YBP3	153	23.6
YBP4	153	22.7
YBQ1	153	25.4
YBQ2	153	24.9
YBQ3	153	21.9
YBQ4	153	23.3
YBS1	153	25.6
YBS2	153	26.4
YBS3	153	25.9
YBS4	153	25.3
YBT1	153	24.7
YBT2	153	20.4
YBT3	153	24.6
YBT4	153	25.1
YBU1	153	27.9
YBU2	153	26.3
YBU3	153	23.8
YBU4	153	28.2
YBA3	155	20.5
YBA4	155	20.4
YBB1	155	27.5
YBB2	155	34.1
YBB3	155	25.1
YBB4	155	28.2
YBC1	155	21.6
YBC2	155	22.3
YBC3	155	22.8
YBC4	155	22
YBD1	155	25.3
YBD2	155	22.4
YBD3	155	24.6
YBD4	155	27
YBE1	155	26.4
YBE4	155	23.9
YBF1	155	23.5
YBF3	155	26.5
YBF4	155	22.9
YBG1	155	19.8
YBG3	155	19.6
YBG4	155	22
YBH1	155	23.9
YBH2	155	24.4
YBH4	155	29
YBI1	155	22.7
YBI2	155	30.7
YBI3	155	22
YBI4	155	22.2
YBJ1	155	22
YBJ2	155	22.6
YBJ3	155	22.5
YBK1	155	23.4
YBK2	155	23.1
YBK3	155	25
YBK4	155	33.1
YBL1	155	22
YBL2	155	21
YBL3	155	23.6
YBL4	155	24.4
YBM1	155	27.9
YBM2	155	24.7
YBM3	155	22.7
YBM4	155	26.1
YBN1	155	22.2
YBN2	155	20
YBO1	155	24.2
YBO2	155	19.8
YBO3	155	19.8
YBO4	155	20.6
YBP1	155	22.2
YBP2	155	21.6
YBP3	155	23.5
YBP4	155	22.6
YBQ1	155	25.4
YBQ2	155	25.2
YBQ3	155	21.7
YBQ4	155	23.3
YBS1	155	25.8
YBS2	155	26.2
YBS3	155	26.1
YBS4	155	25
YBT1	155	25
YBT2	155	20.7
YBT3	155	24.5
YBT4	155	25.1
YBU1	155	28.2
YBU2	155	26.1
YBU3	155	23.8
YBU4	155	28.1
YBA3	158	20.5
YBA4	158	20.2
YBB1	158	27.6
YBB2	158	34
YBB3	158	25.3
YBB4	158	28
YBC1	158	21.2
YBC2	158	22.2
YBC3	158	23
YBC4	158	21.5
YBD1	158	25.5
YBD2	158	22.3
YBD3	158	24.7
YBD4	158	27.2
YBE1	158	26
YBE4	158	23.3
YBF1	158	23.5
YBF3	158	26.2
YBF4	158	23.2
YBG1	158	20
YBG3	158	19.1
YBG4	158	22.3
YBH1	158	24.1
YBH2	158	24.2
YBH4	158	28.8
YBI1	158	22
YBI2	158	30.7
YBI3	158	22.2
YBI4	158	22.1
YBJ1	158	21.8
YBJ2	158	22.2
YBJ3	158	22.1
YBK1	158	23.1
YBK2	158	23.3
YBK3	158	24.8
YBK4	158	33.1
YBL1	158	22.2
YBL2	158	21.3
YBL3	158	23.6
YBL4	158	24.4
YBM1	158	28.2
YBM2	158	24.7
YBM3	158	22.2
YBM4	158	26
YBN1	158	22.3
YBN2	158	20.2
YBO1	158	24
YBO2	158	20
YBO3	158	20.2
YBO4	158	20.8
YBP1	158	22.2
YBP2	158	21.9
YBP3	158	23.6
YBP4	158	22.2
YBQ1	158	25.5
YBQ2	158	25
YBQ3	158	21.6
YBQ4	158	23
YBS1	158	25.8
YBS2	158	26
YBS3	158	26.3
YBS4	158	25.3
YBT1	158	24.9
YBT2	158	20.7
YBT3	158	24.3
YBT4	158	25
YBU1	158	27.9
YBU2	158	26
YBU3	158	24.1
YBU4	158	28.4
YBA3	160	21.1
YBA4	160	20.5
YBB1	160	27.6
YBB2	160	35
YBB3	160	25.5
YBB4	160	29.3
YBC1	160	21.2
YBC3	160	20.5
YBC4	160	18.3
YBD1	160	26.5
YBD2	160	23.1
YBD3	160	24.9
YBD4	160	27.8
YBE1	160	26.9
YBE4	160	24.2
YBF1	160	23.3
YBF3	160	24.9
YBF4	160	23.5
YBG1	160	20.9
YBG3	160	18.2
YBG4	160	21.6
YBH1	160	23.6
YBH2	160	25.4
YBH4	160	29.4
YBI1	160	14.9
YBI2	160	30
YBI3	160	20.7
YBI4	160	20.7
YBJ1	160	15.5
YBJ2	160	23.5
YBJ3	160	22
YBK1	160	21.3
YBK2	160	18.9
YBK3	160	24.6
YBK4	160	33
YBL1	160	18.6
YBL2	160	21.3
YBL3	160	23.2
YBL4	160	25.9
YBM1	160	27.7
YBM2	160	25
YBM3	160	18.3
YBM4	160	26.1
YBN1	160	22.5
YBN2	160	20.3
YBO1	160	22.9
YBO3	160	18.2
YBO4	160	18.4
YBP1	160	20.9
YBP2	160	20.2
YBP3	160	23.6
YBP4	160	21.3
YBQ1	160	25
YBQ3	160	19.5
YBQ4	160	21
YBS1	160	25
YBS2	160	27
YBS3	160	25.2
YBS4	160	26.4
YBT1	160	24.7
YBT2	160	21
YBT3	160	25.2
YBT4	160	25.8
YBU1	160	28.2
YBU2	160	26.3
YBU3	160	24.7
YBU4	160	26
YBC1	162	20.6
YBC3	162	21.2
YBC4	162	15.5
YBG1	162	17.9
YBG3	162	15.3
YBG4	162	18.3
YBK1	162	20.5
YBK2	162	17.7
YBK3	162	24.1
YBK4	162	32.1
YBL1	162	14.8
YBL2	162	21.2
YBL3	162	21.1
YBL4	162	25.3
YBM1	162	27.7
YBM2	162	24.7
YBM4	162	25.9
YBO1	162	21.9
YBO3	162	16.8
YBO4	162	19.4
YBP1	162	19.1
YBP2	162	18
YBP3	162	22.2
YBP4	162	22.1
YBQ1	162	24.2
YBQ3	162	17.2
YBQ4	162	19
YBA3	165	14.3
YBA4	165	15.4
YBB1	165	27.5
YBB2	165	34.5
YBB3	165	25.7
YBB4	165	28.3
YBC1	165	20.5
YBC3	165	20.6
YBD1	165	26.7
YBD2	165	23.5
YBD3	165	24.8
YBD4	165	27.4
YBE1	165	25
YBE4	165	24.6
YBF1	165	23.1
YBF3	165	23.5
YBF4	165	21.6
YBG1	165	14.7
YBH1	165	24.1
YBH2	165	24.8
YBH4	165	29.6
YBI2	165	29.6
YBI3	165	19.6
YBI4	165	18.7
YBJ2	165	14.7
YBJ3	165	16.3
YBK3	165	24.4
YBK4	165	32.9
YBL2	165	20.4
YBL3	165	17.4
YBL4	165	25.7
YBM1	165	26.6
YBM2	165	24.4
YBM4	165	26.2
YBN1	165	22.6
YBN2	165	20.4
YBO4	165	19.9
YBP1	165	15.9
YBP3	165	20.4
YBP4	165	17.1
YBQ1	165	24
YBQ4	165	16.2
YBS1	165	25
YBS2	165	27.4
YBS3	165	24.2
YBS4	165	26.5
YBT1	165	24.7
YBT2	165	20.1
YBT3	165	25.6
YBT4	165	25.2
YBU1	165	27.6
YBU2	165	26.4
YBU3	165	23.4
YBU4	165	25.6
YBB1	167	27.5
YBB2	167	34.4
YBB3	167	25.5
YBB4	167	28.1
YBC1	167	19.8
YBC3	167	20.2
YBD1	167	26.6
YBD2	167	23.6
YBD3	167	24.9
YBD4	167	27.2
YBE1	167	25
YBE4	167	24.2
YBF1	167	23
YBF3	167	23.7
YBF4	167	21.2
YBH1	167	24
YBH2	167	24.8
YBH4	167	29.6
YBI2	167	29.5
YBI3	167	17.5
YBI4	167	17.6
YBK3	167	24.4
YBK4	167	33
YBL2	167	20.2
YBL4	167	26
YBM1	167	26.5
YBM2	167	22.1
YBM4	167	26.2
YBN1	167	22.6
YBN2	167	20.5
YBO4	167	19.6
YBP3	167	21
YBQ1	167	24
YBS1	167	25
YBS2	167	27.3
YBS3	167	24.1
YBS4	167	26.6
YBT1	167	24.7
YBT2	167	20
YBT3	167	25.6
YBT4	167	25
YBU1	167	27.6
YBU2	167	26.3
YBU3	167	23.4
YBU4	167	25.5
YBB1	169	27.4
YBB2	169	35
YBB3	169	25.4
YBB4	169	28
YBC1	169	19
YBC3	169	19.8
YBD1	169	25.8
YBD2	169	23.1
YBD3	169	24.8
YBD4	169	27.4
YBE1	169	26.1
YBE4	169	24.2
YBF1	169	21
YBF3	169	22.9
YBF4	169	21
YBH1	169	23.3
YBH2	169	24.9
YBH4	169	29.5
YBI2	169	29.2
YBI3	169	14.6
YBI4	169	15.4
YBK3	169	22.6
YBK4	169	33.3
YBL2	169	20.2
YBL4	169	25.2
YBM1	169	26.5
YBM4	169	26
YBN1	169	22.5
YBN2	169	19.5
YBO4	169	16.8
YBP3	169	18.8
YBQ1	169	24.3
YBS1	169	24.8
YBS2	169	27.7
YBS3	169	24.6
YBS4	169	26.7
YBT1	169	25.2
YBT2	169	20.4
YBT3	169	25.1
YBT4	169	24.9
YBU1	169	27.2
YBU2	169	26
YBU3	169	23.1
YBU4	169	25.9
YBB1	172	27.3
YBB2	172	35.8
YBB3	172	25.4
YBB4	172	28.3
YBC3	172	16.7
YBD1	172	27.1
YBD2	172	23.3
YBD3	172	24.9
YBD4	172	27.8
YBE1	172	26.4
YBE4	172	24
YBF1	172	23.1
YBF3	172	23
YBF4	172	21.8
YBH1	172	22.8
YBH2	172	24
YBH4	172	29.2
YBI2	172	29.9
YBK4	172	32.4
YBL2	172	16.8
YBL4	172	25.2
YBM1	172	26
YBM4	172	26.2
YBN1	172	23.6
YBN2	172	19.4
YBP3	172	15.7
YBQ1	172	23.4
YBS1	172	24.8
YBS2	172	27.3
YBS3	172	25.4
YBS4	172	27
YBT1	172	25.5
YBT2	172	20.6
YBT3	172	25.5
YBT4	172	25.1
YBU1	172	27.8
YBU2	172	26.2
YBU3	172	23.2
YBU4	172	26.4
YBB1	174	27.6
YBB2	174	35.5
YBB3	174	25.3
YBB4	174	28.7
YBD1	174	27
YBD2	174	23.6
YBD3	174	25
YBD4	174	27.7
YBE1	174	26.8
YBE4	174	24.1
YBF1	174	23.4
YBF3	174	23.5
YBF4	174	22.3
YBH1	174	23.1
YBH2	174	24
YBH4	174	29.8
YBI2	174	29.2
YBK4	174	33.7
YBL4	174	25.2
YBM1	174	25.5
YBM4	174	25.6
YBN1	174	22.6
YBN2	174	18.7
YBQ1	174	24.5
YBS1	174	25.3
YBS2	174	27.9
YBS3	174	25.3
YBS4	174	28.3
YBT1	174	25.8
YBT2	174	20.7
YBT3	174	25.9
YBT4	174	24.9
YBU1	174	28
YBU2	174	26.3
YBU3	174	23.8
YBU4	174	27
YBB1	176	27.6
YBB2	176	35.6
YBB3	176	25.3
YBB4	176	28.7
YBD1	176	27
YBD2	176	23.5
YBD3	176	25
YBD4	176	27.5
YBE1	176	26.6
YBE4	176	24
YBF1	176	23.5
YBF3	176	23.5
YBF4	176	22.1
YBH1	176	22.6
YBH2	176	23.9
YBH4	176	28.9
YBI2	176	29.4
YBK4	176	33.5
YBL4	176	25
YBM1	176	24.8
YBM4	176	24.4
YBN1	176	22.7
YBN2	176	18.3
YBQ1	176	24.2
YBS1	176	25.2
YBS2	176	28.1
YBS3	176	25.3
YBS4	176	28.2
YBT1	176	26
YBT2	176	20.5
YBT3	176	26.1
YBT4	176	24.9
YBU1	176	28
YBU2	176	26.3
YBU3	176	23.9
YBU4	176	27
YBB1	179	28.1
YBB2	179	35.1
YBB3	179	25
YBB4	179	28.2
YBD1	179	27.3
YBD2	179	23.3
YBD3	179	24.5
YBD4	179	27
YBE1	179	27.5
YBE4	179	23.9
YBF1	179	21.7
YBF3	179	24.6
YBF4	179	21.7
YBH1	179	23
YBH2	179	24.8
YBH4	179	29
YBI2	179	29
YBK4	179	32.2
YBL4	179	25.1
YBM1	179	24.8
YBM4	179	25.2
YBN1	179	22.8
YBN2	179	17.3
YBQ1	179	24.9
YBS1	179	25.2
YBS2	179	27.3
YBS3	179	25.7
YBS4	179	28.7
YBT1	179	25.8
YBT2	179	20.5
YBT3	179	25.6
YBT4	179	25.2
YBU1	179	28.1
YBU2	179	26.6
YBU3	179	24.6
YBU4	179	27.3
YBB1	181	28.2
YBB2	181	35.2
YBB3	181	25.4
YBB4	181	29
YBD1	181	25.5
YBD2	181	24
YBD3	181	24.3
YBD4	181	26.6
YBE1	181	27.6
YBE4	181	24.3
YBF1	181	22.1
YBF3	181	24.4
YBF4	181	22.2
YBH1	181	22.7
YBH2	181	24.5
YBH4	181	28.8
YBI2	181	29.2
YBK4	181	32.4
YBL4	181	25.2
YBM1	181	22.6
YBM4	181	25.8
YBN1	181	23
YBQ1	181	24.8
YBS1	181	25
YBS2	181	27.1
YBS3	181	25.9
YBS4	181	29
YBT1	181	25.7
YBT2	181	20.4
YBT3	181	25.6
YBT4	181	25.4
YBU1	181	27.9
YBU2	181	26.6
YBU3	181	24.4
YBU4	181	27.3
YBB1	184	29
YBB2	184	35.4
YBB3	184	25.4
YBB4	184	29.4
YBD1	184	26
YBD2	184	23.6
YBD3	184	23.8
YBD4	184	24.7
YBE1	184	27.6
YBE4	184	24
YBF1	184	22.1
YBF3	184	24
YBF4	184	22.2
YBH1	184	23
YBH2	184	25
YBH4	184	29.5
YBI2	184	30
YBK4	184	32.9
YBL4	184	25
YBM1	184	22.3
YBM4	184	25.1
YBN1	184	22.2
YBQ1	184	25.2
YBS1	184	25.5
YBS2	184	27.1
YBS3	184	25.6
YBS4	184	26.6
YBT1	184	26
YBT2	184	21.2
YBT3	184	26
YBT4	184	25.8
YBU1	184	28.2
YBU2	184	27
YBU3	184	25
YBU4	184	27.9
YBB1	188	28.7
YBB2	188	35.4
YBB3	188	25.8
YBB4	188	28.5
YBD1	188	26.4
YBD2	188	23.6
YBD3	188	23.3
YBD4	188	24.4
YBE1	188	27.5
YBE4	188	23.8
YBF1	188	21.2
YBF3	188	23
YBF4	188	21.6
YBH1	188	22.4
YBH2	188	24.2
YBH4	188	30.1
YBI2	188	30.3
YBK4	188	32.9
YBL4	188	24.7
YBM1	188	19.9
YBM4	188	24.5
YBN1	188	22.4
YBQ1	188	24.3
YBS1	188	25.6
YBS2	188	27.5
YBS3	188	26
YBS4	188	28
YBT1	188	25.3
YBT2	188	21
YBT3	188	26.1
YBT4	188	25.6
YBU1	188	28.3
YBU2	188	27
YBU3	188	25.3
YBU4	188	28
YBB1	190	28.6
YBB2	190	35.5
YBB3	190	25.7
YBB4	190	28.4
YBD1	190	26.5
YBD2	190	23.5
YBD3	190	23.1
YBD4	190	24.2
YBE1	190	27.5
YBE4	190	23.6
YBF1	190	21
YBF3	190	22.9
YBF4	190	21.4
YBH1	190	22.1
YBH2	190	24.2
YBH4	190	30
YBI2	190	30.3
YBK4	190	33
YBL4	190	24.6
YBM4	190	24.4
YBN1	190	22.4
YBQ1	190	24.1
YBS1	190	25.6
YBS2	190	27.3
YBS3	190	26
YBS4	190	28.2
YBT1	190	25
YBT2	190	21
YBT3	190	26
YBT4	190	25.5
YBU1	190	28
YBU2	190	27.2
YBU3	190	25.4
YBU4	190	28.3
YBB1	193	28.7
YBB2	193	35.5
YBB3	193	25.7
YBB4	193	28.6
YBD1	193	26.6
YBD2	193	23.4
YBD3	193	22.8
YBD4	193	24.4
YBE1	193	27.9
YBE4	193	23.3
YBF1	193	21
YBF3	193	22.5
YBF4	193	21.1
YBH1	193	22
YBH2	193	24.6
YBH4	193	30.2
YBI2	193	30.1
YBK4	193	33.2
YBL4	193	24.7
YBM4	193	24.7
YBN1	193	22.4
YBQ1	193	24
YBS1	193	25.9
YBS2	193	27.1
YBS3	193	26.3
YBS4	193	28.2
YBT1	193	25
YBT2	193	21.3
YBT3	193	26.2
YBT4	193	25.5
YBU1	193	27.8
YBU2	193	27.6
YBU3	193	25.4
YBU4	193	28.6
YBB2	195	33.8
YBB3	195	23.4
YBB4	195	26.2
YBD2	195	20.6
YBD3	195	22.6
YBD4	195	22.7
YBE1	195	27.8
YBE4	195	22.5
YBF1	195	21.3
YBF3	195	23.6
YBF4	195	21.7
YBH1	195	23
YBH2	195	24.8
YBH4	195	29.9
YBI2	195	28
YBK4	195	32.5
YBL4	195	22.7
YBM4	195	25
YBN1	195	23.6
YBQ1	195	24.8
YBS1	195	26.2
YBS2	195	27.7
YBS3	195	25.4
YBS4	195	28.8
YBT1	195	26.4
YBT2	195	20.9
YBT3	195	26.9
YBT4	195	25.5
YBU1	195	29
YBU2	195	27.9
YBU3	195	24.6
YBU4	195	28.4
YBB2	197	34.3
YBB3	197	24.1
YBB4	197	26.8
YBD2	197	22
YBD3	197	23.3
YBD4	197	23
YBE1	197	28.2
YBE4	197	22.8
YBF1	197	21.1
YBF3	197	22.8
YBF4	197	20.9
YBH1	197	22.2
YBH2	197	24.7
YBH4	197	30
YBI2	197	29.3
YBK4	197	33.2
YBL4	197	24.2
YBM4	197	24.9
YBN1	197	23.2
YBQ1	197	25.4
YBS1	197	26.5
YBS2	197	28.1
YBS3	197	25.3
YBS4	197	29.2
YBT1	197	26.1
YBT2	197	21
YBT3	197	27
YBT4	197	25.4
YBU1	197	28.8
YBU2	197	27.9
YBU3	197	24.7
YBU4	197	28.6
YBB2	200	34
YBB3	200	23.3
YBB4	200	27.1
YBD2	200	21.8
YBD3	200	24.1
YBD4	200	24.7
YBE1	200	28
YBE4	200	23.1
YBF1	200	20.9
YBF3	200	23.4
YBF4	200	21.5
YBH1	200	22
YBH2	200	24.8
YBH4	200	30
YBI2	200	29.6
YBK4	200	32.9
YBL4	200	24.6
YBM4	200	24.8
YBN1	200	23.2
YBQ1	200	25.4
YBS1	200	26.5
YBS2	200	28
YBS3	200	25.5
YBS4	200	29.2
YBT1	200	26
YBT2	200	21.2
YBT3	200	26.9
YBT4	200	25.5
YBU1	200	28.9
YBU2	200	27.6
YBU3	200	24.9
YBU4	200	28.7
YBB2	202	34
YBB3	202	23.2
YBB4	202	27.1
YBD2	202	21.8
YBD3	202	24.4
YBD4	202	25.1
YBE1	202	27.1
YBE4	202	23.2
YBF1	202	20.7
YBF3	202	23.6
YBF4	202	21.8
YBH1	202	22
YBH2	202	24.8
YBH4	202	30
YBI2	202	29.9
YBK4	202	32.7
YBL4	202	25.1
YBM4	202	24.8
YBN1	202	23
YBQ1	202	25.5
YBS1	202	26.6
YBS2	202	27.8
YBS3	202	25.8
YBS4	202	29
YBT1	202	26
YBT2	202	20.9
YBT3	202	27
YBT4	202	25.8
YBU1	202	29
YBU2	202	27.3
YBU3	202	25.3
YBU4	202	28.8
YBB2	204	34.1
YBB3	204	23
YBB4	204	27.1
YBD2	204	22
YBD3	204	24.4
YBD4	204	25
YBE1	204	27
YBE4	204	23.1
YBF1	204	20.7
YBF3	204	23.6
YBF4	204	22.1
YBH1	204	22
YBH2	204	24.6
YBH4	204	30
YBI2	204	30.2
YBK4	204	32.7
YBL4	204	25
YBM4	204	24.8
YBN1	204	23
YBQ1	204	25.5
YBS1	204	26.6
YBS2	204	27.7
YBS3	204	26.1
YBS4	204	29
YBT1	204	26.2
YBT2	204	20.8
YBT3	204	27
YBT4	204	25.6
YBU1	204	29
YBU2	204	27.1
YBU3	204	25
YBU4	204	28.9
YBB2	207	34
YBB3	207	22.7
YBB4	207	26.8
YBD2	207	22.2
YBD3	207	24
YBD4	207	24.8
YBE1	207	26.9
YBE4	207	23
YBF1	207	20.5
YBF3	207	23.7
YBF4	207	22.5
YBH1	207	22.1
YBH2	207	24.4
YBH4	207	30.3
YBI2	207	30
YBK4	207	32.3
YBL4	207	24.8
YBM4	207	24.5
YBN1	207	23.3
YBQ1	207	25.3
YBS1	207	26.3
YBS2	207	27.1
YBS3	207	26
YBS4	207	29.3
YBT1	207	25.9
YBT2	207	21
YBT3	207	26.6
YBT4	207	25.5
YBU1	207	28.7
YBU2	207	26.8
YBU3	207	25.5
YBU4	207	29.1
YBB2	209	35.6
YBB3	209	23.8
YBB4	209	25.5
YBD2	209	21.8
YBD3	209	23.4
YBD4	209	24.4
YBE1	209	28.1
YBE4	209	23.5
YBF1	209	20.8
YBF3	209	23.3
YBF4	209	21.2
YBH2	209	24.9
YBH4	209	30.2
YBI2	209	29.4
YBK4	209	32.7
YBL4	209	24.4
YBM4	209	24.8
YBN1	209	24
YBQ1	209	25.3
YBS1	209	25.8
YBS2	209	30.8
YBS3	209	27.1
YBS4	209	29.1
YBT1	209	27.8
YBT2	209	21.6
YBT3	209	27.3
YBT4	209	26.2
YBU1	209	30
YBU2	209	27.4
YBU3	209	25.1
YBU4	209	28.9
YBB2	211	35.3
YBB3	211	23.7
YBB4	211	25
YBD2	211	21.5
YBD3	211	23.2
YBD4	211	23.9
YBE1	211	27.9
YBE4	211	23.2
YBF1	211	20.5
YBF3	211	22.8
YBF4	211	20.8
YBH2	211	24.1
YBH4	211	29.7
YBI2	211	29.2
YBK4	211	32.3
YBL4	211	23.7
YBM4	211	24.3
YBN1	211	24.3
YBQ1	211	25.3
YBS1	211	25.4
YBS2	211	30.6
YBS3	211	27
YBS4	211	28.9
YBT1	211	27.5
YBT2	211	22
YBT3	211	27.5
YBT4	211	26
YBU1	211	30
YBU2	211	27.3
YBU3	211	24.8
YBU4	211	28.8
YBB2	214	34.8
YBB3	214	22.9
YBB4	214	24
YBD2	214	21.8
YBD3	214	23
YBD4	214	23.9
YBE1	214	29.4
YBE4	214	22.8
YBF1	214	20
YBF3	214	22.2
YBF4	214	19.6
YBH2	214	23.7
YBH4	214	29.8
YBI2	214	28.5
YBK4	214	32.1
YBL4	214	23.3
YBM4	214	23.8
YBN1	214	23.6
YBQ1	214	25
YBS1	214	25.5
YBS2	214	29.4
YBS3	214	25.2
YBS4	214	29.9
YBT1	214	27.2
YBT2	214	21.2
YBT3	214	27.1
YBT4	214	26
YBU1	214	30.3
YBU2	214	28.2
YBU3	214	24.6
YBU4	214	28.7
YBB2	216	33.4
YBB3	216	23.3
YBB4	216	25.2
YBD2	216	22.2
YBD3	216	22.4
YBD4	216	24.1
YBE1	216	29.1
YBE4	216	22.4
YBF1	216	20.1
YBF3	216	22
YBF4	216	20
YBH2	216	23.6
YBH4	216	29.8
YBI2	216	28.3
YBK4	216	32
YBL4	216	23.1
YBM4	216	23.6
YBN1	216	23.6
YBQ1	216	25
YBS1	216	25.2
YBS2	216	29.3
YBS3	216	25
YBS4	216	30
YBT1	216	27.1
YBT2	216	21
YBT3	216	27.1
YBT4	216	26
YBU1	216	30.1
YBU2	216	28.4
YBU3	216	24.6
YBU4	216	28.7
YBB2	218	33.3
YBB3	218	23.4
YBB4	218	25.2
YBD2	218	22.2
YBD3	218	22.2
YBD4	218	24
YBE1	218	29
YBE4	218	22
YBF1	218	20.1
YBF3	218	22
YBF4	218	20.2
YBH2	218	23.6
YBH4	218	29.8
YBI2	218	28.1
YBK4	218	32
YBL4	218	23
YBM4	218	23.6
YBN1	218	23.4
YBQ1	218	24.8
YBS1	218	25
YBS2	218	29.5
YBS3	218	25.1
YBS4	218	30
YBT1	218	27.2
YBT2	218	21
YBT3	218	27
YBT4	218	26.2
YBU1	218	30
YBU2	218	28.5
YBU3	218	24.5
YBU4	218	28.8
YBB2	221	33
YBB3	221	23.6
YBB4	221	25
YBD2	221	22
YBD3	221	22.5
YBD4	221	24
YBE1	221	29.4
YBE4	221	22
YBF1	221	20.8
YBF3	221	21.3
YBF4	221	20.5
YBH2	221	24.2
YBH4	221	27.9
YBI2	221	29.2
YBK4	221	33
YBL4	221	23.4
YBM4	221	23.4
YBN1	221	23.1
YBQ1	221	24.9
YBS1	221	25
YBS2	221	29.6
YBS3	221	25
YBS4	221	30
YBT1	221	27
YBT2	221	21
YBT3	221	27.3
YBT4	221	26.2
YBU1	221	30.4
YBU2	221	28.4
YBU3	221	24.6
YBU4	221	28.9
YBB2	223	33
YBB3	223	23.5
YBB4	223	25
YBD2	223	22
YBD3	223	22.5
YBD4	223	24.3
YBE1	223	29.5
YBE4	223	22
YBF1	223	21.2
YBF3	223	21.1
YBF4	223	20.2
YBH2	223	24.3
YBH4	223	27.8
YBI2	223	29.4
YBK4	223	33
YBL4	223	23.6
YBM4	223	23.1
YBN1	223	23
YBQ1	223	25
YBS1	223	25
YBS2	223	29.8
YBS3	223	25
YBS4	223	30.2
YBT1	223	27.1
YBT2	223	20.7
YBT3	223	27.1
YBT4	223	26
YBU1	223	30.7
YBU2	223	28.5
YBU3	223	24.5
YBU4	223	29.2
YBB2	225	33.6
YBB3	225	23
YBB4	225	24.5
YBD2	225	21
YBD3	225	22.3
YBD4	225	24.2
YBE1	225	28.7
YBE4	225	23.5
YBF1	225	20.7
YBF3	225	20.3
YBF4	225	19.4
YBH2	225	24.2
YBH4	225	27.2
YBI2	225	29.4
YBK4	225	34
YBL4	225	23.4
YBM4	225	24.7
YBN1	225	24.4
YBQ1	225	24.8
YBS1	225	26.2
YBS2	225	29.4
YBS3	225	26.1
YBS4	225	30.9
YBT1	225	27.7
YBT2	225	22
YBT3	225	26.8
YBT4	225	26.6
YBU1	225	31.4
YBU2	225	28.7
YBU3	225	26
YBU4	225	29.6
YBB2	228	34.6
YBB3	228	22.8
YBB4	228	24.2
YBD2	228	20.7
YBD3	228	22.8
YBD4	228	24.1
YBE1	228	28.3
YBE4	228	23.7
YBF1	228	20.8
YBF3	228	19.2
YBF4	228	20.9
YBH2	228	24.6
YBH4	228	27
YBI2	228	30.1
YBK4	228	35.2
YBL4	228	23
YBN1	228	23.6
YBQ1	228	24
YBS1	228	26
YBS2	228	29.4
YBS3	228	26
YBS4	228	31
YBT1	228	27.9
YBT2	228	22.1
YBT3	228	26.7
YBT4	228	26.3
YBU1	228	31.5
YBU2	228	28.7
YBU3	228	26.2
YBU4	228	29.8
YBB2	230	34.2
YBB3	230	22.8
YBB4	230	24.2
YBD2	230	20.7
YBD3	230	23
YBD4	230	24
YBE1	230	28.1
YBE4	230	23.7
YBF1	230	20.9
YBF4	230	21.1
YBH2	230	24.9
YBH4	230	27
YBI2	230	30.3
YBK4	230	35.2
YBL4	230	23
YBN1	230	23.3
YBQ1	230	24
YBS1	230	26
YBS2	230	29.3
YBS3	230	26
YBS4	230	31
YBT1	230	28.3
YBT2	230	22
YBT3	230	26.5
YBT4	230	26
YBU1	230	31.8
YBU2	230	28.6
YBU3	230	26
YBU4	230	30.2
YBB2	232	34.4
YBB3	232	23.4
YBB4	232	24.4
YBD2	232	21.1
YBD3	232	22.8
YBD4	232	23.9
YBE1	232	27.5
YBE4	232	23.7
YBF1	232	21.3
YBF4	232	20.8
YBH2	232	24.7
YBH4	232	27.2
YBI2	232	30.4
YBK4	232	35.2
YBL4	232	24.2
YBN1	232	24.5
YBQ1	232	24.6
YBS1	232	26.7
YBS2	232	30.2
YBS3	232	26.4
YBS4	232	31.2
YBT1	232	27.8
YBT2	232	21.7
YBT3	232	27
YBT4	232	27
YBU1	232	30.8
YBU2	232	28.8
YBU3	232	26.4
YBU4	232	31.4
YBB2	237	34.2
YBB3	237	22.6
YBB4	237	24
YBD2	237	20.9
YBD3	237	22.3
YBD4	237	23.5
YBE1	237	27.3
YBE4	237	23.5
YBF1	237	21
YBF4	237	20.7
YBH2	237	24.2
YBH4	237	26.3
YBI2	237	29.5
YBK4	237	36.2
YBL4	237	22.7
YBN1	237	23.4
YBQ1	237	24.8
YBS1	237	26.7
YBS2	237	30
YBS3	237	26.2
YBS4	237	31.6
YBT1	237	28
YBT2	237	21.6
YBT3	237	27
YBT4	237	27
YBU1	237	30.4
YBU2	237	28.2
YBU3	237	25.6
YBU4	237	29.8
YBB2	239	34.9
YBB3	239	23
YBB4	239	23.8
YBD2	239	21.2
YBD3	239	23.2
YBD4	239	24.6
YBE1	239	28
YBE4	239	23.7
YBF1	239	21.5
YBF4	239	20.2
YBH2	239	24.8
YBH4	239	25.9
YBI2	239	30
YBK4	239	37
YBL4	239	21.9
YBN1	239	23
YBQ1	239	24.7
YBS1	239	27
YBS2	239	31
YBS3	239	27.4
YBS4	239	32.5
YBT1	239	27.8
YBT2	239	21.5
YBT3	239	27.8
YBT4	239	26.4
YBU1	239	31.3
YBU2	239	28.4
YBU3	239	25.3
YBU4	239	29.3
YBB2	242	34.4
YBB3	242	23.4
YBB4	242	24
YBD2	242	20.8
YBD3	242	21.8
YBD4	242	23.9
YBE1	242	26.6
YBE4	242	23.2
YBF1	242	22.1
YBF4	242	20.2
YBH2	242	24.9
YBH4	242	25.2
YBI2	242	29.5
YBK4	242	36.2
YBL4	242	22.9
YBN1	242	23.3
YBQ1	242	23.5
YBS1	242	27.2
YBS2	242	31.5
YBS3	242	27.1
YBS4	242	32.3
YBT1	242	27.6
YBT2	242	21.3
YBT3	242	28.1
YBT4	242	26.2
YBU1	242	31
YBU2	242	28.4
YBU3	242	25.1
YBU4	242	29
YBB2	244	34.4
YBB3	244	23.6
YBB4	244	24
YBD2	244	20.7
YBD3	244	21.6
YBD4	244	23.6
YBE1	244	26.4
YBE4	244	23
YBF1	244	22.5
YBF4	244	20.2
YBH2	244	25
YBH4	244	25.1
YBI2	244	29.2
YBK4	244	36
YBL4	244	22.7
YBN1	244	23.5
YBQ1	244	23.2
YBS1	244	27.5
YBS2	244	31.7
YBS3	244	27
YBS4	244	32.1
YBT1	244	27.6
YBT2	244	21.1
YBT3	244	28.4
YBT4	244	26.2
YBU1	244	30.7
YBU2	244	28.1
YBU3	244	25
YBU4	244	29
YBB2	246	34.1
YBB3	246	23
YBB4	246	23.7
YBD2	246	21
YBD3	246	20.8
YBD4	246	23.3
YBE1	246	28.2
YBE4	246	23.8
YBF1	246	21.1
YBF4	246	19.1
YBH2	246	25.1
YBH4	246	25.5
YBI2	246	30.3
YBK4	246	36.5
YBL4	246	23.2
YBN1	246	23.1
YBQ1	246	20.9
YBS1	246	27.8
YBS2	246	31.8
YBS3	246	27
YBS4	246	32.5
YBT1	246	27.4
YBT2	246	21
YBT3	246	28.4
YBT4	246	26.5
YBU1	246	30.6
YBU2	246	28.1
YBU3	246	25
YBU4	246	29.3
YBB2	249	34
YBB3	249	23
YBB4	249	23.5
YBD2	249	21.2
YBD3	249	20.5
YBD4	249	23.5
YBE1	249	28
YBE4	249	24.1
YBF1	249	21
YBF4	249	19.3
YBH2	249	25
YBH4	249	25.8
YBI2	249	30.8
YBK4	249	36.4
YBL4	249	23.1
YBN1	249	23
YBS1	249	28.1
YBS2	249	31.7
YBS3	249	27
YBS4	249	32.8
YBT1	249	27.1
YBT2	249	21
YBT3	249	28.7
YBT4	249	26.1
YBU1	249	30.6
YBU2	249	28
YBU3	249	25
YBU4	249	29.7
YBB2	251	35.2
YBB3	251	23.4
YBB4	251	24.1
YBD2	251	20.2
YBD3	251	21.7
YBD4	251	23
YBE1	251	27.6
YBE4	251	24.2
YBF1	251	21.4
YBF4	251	12.8
YBH2	251	25.3
YBH4	251	25.2
YBI2	251	29.8
YBK4	251	36.6
YBL4	251	22.9
YBN1	251	23.5
YBS1	251	27
YBS2	251	30.8
YBS3	251	25.8
YBS4	251	31.3
YBT1	251	28.9
YBT2	251	22
YBT3	251	27.8
YBT4	251	25.8
YBU1	251	31.4
YBU2	251	30.8
YBU3	251	24
YBU4	251	31.8
YBB2	253	35.1
YBB3	253	23.4
YBB4	253	24
YBD2	253	20.2
YBD3	253	21.5
YBD4	253	23
YBE1	253	27.5
YBE4	253	24.1
YBF1	253	21.6
YBH2	253	25.1
YBH4	253	25
YBI2	253	29.8
YBK4	253	36.6
YBL4	253	22.7
YBN1	253	23.8
YBS1	253	27
YBS2	253	30.7
YBS3	253	25.6
YBS4	253	31.5
YBT1	253	28.7
YBT2	253	22
YBT3	253	27.9
YBT4	253	25.7
YBU1	253	31.7
YBU2	253	30.8
YBU3	253	23.9
YBU4	253	31.9
YBB2	256	35.2
YBB3	256	23.2
YBB4	256	24.1
YBD2	256	20
YBD3	256	21.7
YBD4	256	23
YBE1	256	27.7
YBE4	256	24
YBF1	256	21.1
YBH2	256	24.6
YBH4	256	25.6
YBI2	256	27.8
YBK4	256	36.4
YBL4	256	21.7
YBN1	256	23.4
YBS1	256	26.8
YBS2	256	30.9
YBS3	256	25.5
YBS4	256	31.8
YBT1	256	28.7
YBT2	256	22
YBT3	256	28
YBT4	256	25.9
YBU1	256	31.5
YBU2	256	31.2
YBU3	256	23.9
YBU4	256	31.6
YBB2	258	35
YBB3	258	23.5
YBB4	258	24.2
YBD2	258	20.7
YBD3	258	23
YBD4	258	23.8
YBE1	258	26.4
YBE4	258	23.6
YBF1	258	20.1
YBH2	258	23.4
YBH4	258	25.3
YBI2	258	27.6
YBK4	258	38
YBL4	258	21.1
YBN1	258	23.3
YBS1	258	28.4
YBS2	258	31.2
YBS3	258	26.8
YBS4	258	32.8
YBT1	258	28.6
YBT2	258	21.8
YBT3	258	28.4
YBT4	258	26.8
YBU1	258	31.9
YBU2	258	31.3
YBU3	258	25.2
YBU4	258	30
YBB2	263	35
YBB3	263	23
YBB4	263	24
YBD2	263	20.8
YBD3	263	23.2
YBD4	263	24.2
YBE1	263	26.1
YBE4	263	23.4
YBF1	263	20
YBH2	263	23.1
YBH4	263	25
YBI2	263	27.2
YBK4	263	38
YBL4	263	20.9
YBN1	263	23
YBS1	263	28.1
YBS2	263	31
YBS3	263	27.3
YBS4	263	32.5
YBT1	263	28.6
YBT2	263	21.6
YBT3	263	28.4
YBT4	263	27
YBU1	263	32
YBU2	263	31.3
YBU3	263	25
YBU4	263	30
YBB2	265	35.2
YBB3	265	22.8
YBB4	265	23.6
YBD2	265	21
YBD3	265	23
YBD4	265	23.6
YBE1	265	25.9
YBE4	265	23
YBF1	265	19.9
YBH4	265	25.4
YBI2	265	26
YBK4	265	38.4
YBL4	265	22.2
YBN1	265	23.3
YBS1	265	30.4
YBS2	265	31.8
YBS3	265	28
YBS4	265	32.6
YBT1	265	29.2
YBT2	265	22
YBT3	265	29
YBT4	265	27.1
YBU1	265	31.8
YBU2	265	30.8
YBU3	265	24.7
YBU4	265	29.7
YBB2	267	35
YBB3	267	22.8
YBB4	267	23.3
YBD2	267	21.1
YBD3	267	23
YBD4	267	23.5
YBE1	267	25.9
YBE4	267	23
YBF1	267	20.3
YBH4	267	25
YBI2	267	25.2
YBK4	267	38.3
YBL4	267	22.1
YBN1	267	23.7
YBS1	267	30.2
YBS2	267	31.9
YBS3	267	28
YBS4	267	32.5
YBT1	267	29.1
YBT2	267	22
YBT3	267	28.7
YBT4	267	27
YBU1	267	31.7
YBU2	267	30.8
YBU3	267	24.4
YBU4	267	29.9
YBB2	270	34.8
YBB3	270	22.7
YBB4	270	22.9
YBD2	270	20.7
YBD3	270	22.5
YBD4	270	23.6
YBE1	270	27
YBE4	270	23
YBF1	270	19.9
YBH4	270	24.6
YBI2	270	24.5
YBK4	270	37.7
YBL4	270	22
YBN1	270	22.6
YBS1	270	28.9
YBS2	270	32.4
YBS3	270	27.7
YBS4	270	34
YBT1	270	30.3
YBT2	270	21.8
YBT3	270	29.3
YBT4	270	27.8
YBU1	270	32.1
YBU2	270	29.8
YBU3	270	25.3
YBU4	270	30.9
YBB2	272	34.8
YBB3	272	22.5
YBB4	272	23
YBD2	272	20.5
YBD3	272	22.8
YBD4	272	23.6
YBE1	272	27
YBE4	272	23
YBF1	272	19.6
YBH4	272	24.4
YBI2	272	24.3
YBK4	272	37.5
YBL4	272	22
YBN1	272	22.4
YBS1	272	28.5
YBS2	272	32.6
YBS3	272	27.5
YBS4	272	34
YBT1	272	30.3
YBT2	272	21.5
YBT3	272	29.5
YBT4	272	28.1
YBU1	272	32
YBU2	272	29.6
YBU3	272	25.5
YBU4	272	31.1
YBB2	274	34.2
YBB3	274	23.1
YBB4	274	23.9
YBD2	274	20.2
YBD3	274	22.9
YBD4	274	23.6
YBE4	274	22.5
YBF1	274	20.4
YBH4	274	24.7
YBI2	274	24
YBK4	274	38.2
YBL4	274	22
YBN1	274	22
YBS1	274	28.6
YBS2	274	32.5
YBS3	274	27.5
YBS4	274	34
YBT1	274	29.3
YBT2	274	22.4
YBT3	274	29.5
YBT4	274	27.4
YBU1	274	31.7
YBU2	274	29.1
YBU3	274	25.5
YBU4	274	31
YBB2	279	33.6
YBB3	279	22.7
YBB4	279	24.6
YBD2	279	20.8
YBD3	279	22.8
YBD4	279	23.2
YBE4	279	22.7
YBF1	279	19.2
YBH4	279	25.4
YBK4	279	37.8
YBL4	279	21.5
YBN1	279	22.5
YBS1	279	29.7
YBS2	279	33.1
YBS3	279	27.9
YBS4	279	34.7
YBT1	279	30
YBT2	279	21.9
YBT3	279	28.8
YBT4	279	27.4
YBU1	279	33.4
YBU2	279	31.5
YBU3	279	24.9
YBU4	279	31.3
YBB2	281	33.3
YBB3	281	22.5
YBB4	281	24.6
YBD2	281	21.1
YBD3	281	22.8
YBD4	281	23.1
YBE4	281	22.2
YBF1	281	19
YBH4	281	25.5
YBK4	281	37.5
YBL4	281	21.2
YBN1	281	22.8
YBS1	281	29.9
YBS2	281	33
YBS3	281	28.2
YBS4	281	35
YBT1	281	30
YBT2	281	21.6
YBT3	281	28.8
YBT4	281	27.1
YBU1	281	33.3
YBU2	281	31.5
YBU3	281	24.6
YBU4	281	31
YBB2	284	33.3
YBB3	284	22.5
YBB4	284	24.1
YBD2	284	21
YBD3	284	22.2
YBD4	284	23
YBE4	284	22.2
YBF1	284	19.3
YBH4	284	25.4
YBK4	284	37.1
YBL4	284	20.6
YBN1	284	23
YBS1	284	30.2
YBS2	284	32.7
YBS3	284	28
YBS4	284	35.2
YBT1	284	30
YBT2	284	21.2
YBT3	284	28.8
YBT4	284	27
YBU1	284	33
YBU2	284	31.9
YBU3	284	24.5
YBU4	284	31
YBB2	286	33.7
YBB3	286	22.6
YBB4	286	22
YBD2	286	20.9
YBD3	286	22.8
YBD4	286	22.8
YBE4	286	21.5
YBF1	286	19.3
YBH4	286	26.1
YBK4	286	38.5
YBL4	286	18.6
YBN1	286	22.4
YBS1	286	30.8
YBS2	286	33.3
YBS3	286	29.1
YBS4	286	35
YBT1	286	29.9
YBT2	286	21.9
YBT3	286	29.3
YBT4	286	28
YBU1	286	33.5
YBU2	286	32
YBU3	286	24.6
YBU4	286	30.8
YBB2	288	33
YBB3	288	21.9
YBD2	288	20.1
YBD3	288	22.8
YBD4	288	23.6
YBE4	288	21.5
YBF1	288	19.8
YBH4	288	24.9
YBK4	288	38.6
YBN1	288	20.5
YBS1	288	31
YBS2	288	33.1
YBS3	288	29
YBS4	288	35.5
YBT1	288	29.6
YBT2	288	22.2
YBT3	288	29.5
YBT4	288	28.2
YBU1	288	33.6
YBU2	288	32
YBU3	288	24.4
YBU4	288	30.8
YBB2	293	32.6
YBB3	293	21.4
YBD2	293	19.8
YBD3	293	22.7
YBD4	293	23.4
YBE4	293	21.1
YBF1	293	20
YBH4	293	26.3
YBK4	293	38.6
YBN1	293	20.6
YBS1	293	31
YBS2	293	32.8
YBS3	293	28.7
YBS4	293	35.1
YBT1	293	29.1
YBT2	293	21.9
YBT3	293	29.5
YBT4	293	27.9
YBU1	293	33.5
YBU2	293	31.9
YBU3	293	24
YBU4	293	31
YBB2	295	32.2
YBB3	295	21.1
YBD2	295	19.5
YBD3	295	22.7
YBD4	295	23.1
YBE4	295	21
YBF1	295	20.2
YBH4	295	26.2
YBK4	295	38.2
YBN1	295	20.2
YBS1	295	30.8
YBS2	295	32.5
YBS3	295	28.2
YBS4	295	35
YBT1	295	28.9
YBT2	295	21.7
YBT3	295	29.8
YBT4	295	28.1
YBU1	295	33.6
YBU2	295	31.7
YBU3	295	24
YBU4	295	31.2
YBB2	300	32.4
YBB3	300	21.7
YBD2	300	20
YBD3	300	22.2
YBD4	300	23.4
YBF1	300	19.4
YBH4	300	25.6
YBK4	300	38.4
YBN1	300	17.9
YBS1	300	30.6
YBS2	300	33.7
YBS3	300	27.2
YBS4	300	37.5
YBT1	300	31.9
YBT2	300	23.1
YBT3	300	30
YBT4	300	28.4
YBU1	300	33.5
YBU2	300	29.9
YBU3	300	25.1
YBU4	300	32.5
YBB2	302	32.3
YBB3	302	21.9
YBD2	302	20.1
YBD3	302	22.1
YBD4	302	23.6
YBF1	302	19.1
YBH4	302	25.3
YBK4	302	38.5
YBN1	302	17.6
YBS1	302	30.6
YBS2	302	33.8
YBS3	302	27
YBS4	302	37.9
YBT1	302	32.2
YBT2	302	23.2
YBT3	302	30
YBT4	302	28.5
YBU1	302	33.1
YBU2	302	30.1
YBU3	302	25.3
YBU4	302	32.5
YBB2	305	32.3
YBB3	305	22
YBD2	305	20.4
YBD3	305	22
YBD4	305	23.4
YBF1	305	18.7
YBH4	305	25.1
YBK4	305	38.2
YBN1	305	18
YBS1	305	30.2
YBS2	305	34.1
YBS3	305	27
YBS4	305	38.2
YBT1	305	32.1
YBT2	305	23.5
YBT3	305	30
YBT4	305	28.5
YBU1	305	33
YBU2	305	30.3
YBU3	305	25
YBU4	305	32.1
YBB2	307	32.6
YBB3	307	21.7
YBD2	307	20.5
YBD3	307	22
YBD4	307	23.1
YBF1	307	17.9
YBH4	307	26.3
YBK4	307	38
YBN1	307	15.1
YBS1	307	30
YBS2	307	34
YBS3	307	27.2
YBS4	307	38.5
YBT1	307	32
YBT2	307	23.5
YBT3	307	30
YBT4	307	28.3
YBU1	307	33
YBU2	307	30.3
YBU3	307	25.1
YBU4	307	32
YBB2	309	32.6
YBB3	309	21.4
YBD2	309	20.5
YBD3	309	21.7
YBD4	309	23
YBF1	309	17.1
YBH4	309	26.1
YBK4	309	37.8
YBS1	309	30
YBS2	309	34.3
YBS3	309	27.4
YBS4	309	38.2
YBT1	309	32.5
YBT2	309	23.1
YBT3	309	30.1
YBT4	309	28
YBU1	309	33.3
YBU2	309	30.1
YBU3	309	25.4
YBU4	309	32
YBB2	314	32.2
YBB3	314	21.7
YBD2	314	20.3
YBD3	314	22.6
YBD4	314	23.3
YBH4	314	26.1
YBK4	314	38.9
YBS1	314	32.3
YBS2	314	34.8
YBS3	314	29
YBS4	314	36.5
YBT1	314	31.8
YBT2	314	21.7
YBT3	314	29.8
YBT4	314	28.6
YBU1	314	35.5
YBU2	314	30.4
YBU3	314	24.5
YBU4	314	33.6
YBB2	316	32.2
YBB3	316	21.8
YBD2	316	20.1
YBD3	316	22.3
YBD4	316	23.6
YBH4	316	26
YBK4	316	39.1
YBS1	316	32.1
YBS2	316	35.2
YBS3	316	29.2
YBS4	316	36.3
YBT1	316	32
YBT2	316	21.5
YBT3	316	29.7
YBT4	316	28.9
YBU1	316	35.6
YBU2	316	30.8
YBU3	316	24.2
YBU4	316	33.5
YBB2	319	32.5
YBB3	319	22.6
YBD2	319	20.4
YBD3	319	22.3
YBD4	319	23.2
YBH4	319	27.3
YBK4	319	37.2
YBS1	319	30.9
YBS2	319	34.6
YBS3	319	28.7
YBS4	319	35.8
YBT1	319	31
YBT2	319	22.2
YBT3	319	30
YBT4	319	28.7
YBU1	319	35
YBU2	319	31.4
YBU3	319	24.8
YBU4	319	31.1
YBB2	321	32.5
YBB3	321	22.4
YBD2	321	20.4
YBD3	321	22.2
YBD4	321	23
YBH4	321	27.5
YBK4	321	37.4
YBS1	321	31
YBS2	321	34.6
YBS3	321	28.6
YBS4	321	35.9
YBT1	321	31.3
YBT2	321	22.9
YBT3	321	30.5
YBT4	321	28.5
YBU1	321	35.1
YBU2	321	31.6
YBU3	321	24.8
YBU4	321	31.1
YBB2	323	32
YBB3	323	22.8
YBD2	323	19.9
YBD3	323	23
YBD4	323	23.2
YBH4	323	27.4
YBK4	323	37.8
YBS1	323	31.6
YBS2	323	35.1
YBS3	323	29.4
YBS4	323	36.8
YBT1	323	32.6
YBT2	323	22.9
YBT3	323	30.8
YBT4	323	28.6
YBU1	323	35.8
YBU2	323	31.2
YBU3	323	25.2
YBU4	323	32.7
YBB2	328	31.8
YBB3	328	22.9
YBD2	328	20
YBD3	328	23.2
YBD4	328	23.2
YBH4	328	26.8
YBK4	328	38.9
YBS1	328	31.4
YBS2	328	35
YBS3	328	29.1
YBS4	328	37.1
YBT1	328	32.6
YBT2	328	23
YBT3	328	30.5
YBT4	328	28.6
YBU1	328	36.2
YBU2	328	31
YBU3	328	25.5
YBU4	328	33
YBB2	330	32.7
YBB3	330	23.3
YBD2	330	20.3
YBD3	330	24.5
YBD4	330	23.5
YBH4	330	26.9
YBK4	330	38.6
YBS1	330	32.2
YBS2	330	36.1
YBS3	330	29.9
YBS4	330	37.8
YBT1	330	32.9
YBT2	330	23
YBT3	330	32.2
YBT4	330	29.1
YBU1	330	36.8
YBU2	330	32
YBU3	330	25.2
YBU4	330	33.8
YBB2	333	32.5
YBB3	333	23.1
YBD2	333	20.5
YBD3	333	24.7
YBD4	333	23.1
YBH4	333	27
YBK4	333	38.4
YBS1	333	32
YBS2	333	36.4
YBS3	333	30.2
YBS4	333	37.6
YBT1	333	33.1
YBT2	333	23
YBT3	333	31.9
YBT4	333	29.1
YBU1	333	37.1
YBU2	333	32.2
YBU3	333	25.5
YBU4	333	34.2
YBB2	335	31.9
YBB3	335	22.7
YBD2	335	20.3
YBD3	335	24.3
YBD4	335	23.4
YBH4	335	27
YBK4	335	39.5
YBS1	335	32.1
YBS2	335	36.5
YBS3	335	27.1
YBS4	335	36.8
YBT1	335	33
YBT2	335	22.2
YBT3	335	31.6
YBT4	335	29.4
YBU1	335	36.3
YBU2	335	31.4
YBU3	335	25.3
YBU4	335	34.2
YBB2	337	31.7
YBB3	337	22.5
YBD2	337	20.1
YBD3	337	24.2
YBD4	337	23.8
YBH4	337	26.7
YBK4	337	39.8
YBS1	337	32
YBS2	337	36.1
YBS3	337	27
YBS4	337	36.3
YBT1	337	33
YBT2	337	22.1
YBT3	337	31.6
YBT4	337	29.5
YBU1	337	36.5
YBU2	337	31.1
YBU3	337	25.5
YBU4	337	34.1
YBB2	340	31.3
YBB3	340	22.1
YBD2	340	19.8
YBD3	340	24
YBD4	340	24.1
YBH4	340	26.9
YBK4	340	39.6
YBS1	340	31.7
YBS2	340	36
YBS3	340	27
YBS4	340	36.4
YBT1	340	32.8
YBT2	340	22
YBT3	340	31.3
YBT4	340	29.1
YBU1	340	36.1
YBU2	340	31
YBU3	340	25.1
YBU4	340	33.9
YBB2	342	31.1
YBB3	342	22
YBD2	342	19.9
YBD3	342	23.9
YBD4	342	24
YBH4	342	26.9
YBK4	342	39.6
YBS1	342	31.9
YBS2	342	36
YBS3	342	26.8
YBS4	342	36.1
YBT1	342	32.8
YBT2	342	22
YBT3	342	31.6
YBT4	342	29
YBU1	342	35.9
YBU2	342	31
YBU3	342	25.3
YBU4	342	34.2
YBB2	344	31.3
YBB3	344	23.3
YBD2	344	20.2
YBD3	344	24.3
YBD4	344	23.3
YBH4	344	25.8
YBK4	344	42.2
YBS1	344	32.7
YBS2	344	38.2
YBS3	344	28.8
YBS4	344	37.8
YBT1	344	33.8
YBT2	344	22.2
YBT3	344	32
YBT4	344	29.4
YBU1	344	37
YBU2	344	32.3
YBU3	344	25
YBU4	344	34
YBB2	347	31
YBB3	347	23.7
YBD2	347	20.5
YBD3	347	24.1
YBD4	347	23.6
YBH4	347	24.4
YBK4	347	42.1
YBS1	347	32.9
YBS2	347	38
YBS3	347	29.1
YBS4	347	37.6
YBT1	347	33.9
YBT2	347	22
YBT3	347	32.3
YBT4	347	29.1
YBU1	347	37.2
YBU2	347	32.6
YBU3	347	25
YBU4	347	33.8
YBB2	349	30.9
YBB3	349	23.9
YBD2	349	20.5
YBD3	349	24
YBD4	349	23.6
YBH4	349	24.1
YBK4	349	41.9
YBS1	349	33.1
YBS2	349	38
YBS3	349	28.9
YBS4	349	37.3
YBT1	349	34.1
YBT2	349	22
YBT3	349	32.5
YBT4	349	29
YBU1	349	37.5
YBU2	349	32.8
YBU3	349	24.9
YBU4	349	33.8
YBB2	351	28.6
YBB3	351	23.3
YBD2	351	20.2
YBD3	351	23.7
YBD4	351	23.1
YBH4	351	23.1
YBK4	351	40.4
YBS1	351	35.4
YBS2	351	38.9
YBS3	351	29.6
YBS4	351	39.8
YBT1	351	35.8
YBT2	351	23.1
YBT3	351	32.4
YBT4	351	30.4
YBU1	351	38.6
YBU2	351	34.1
YBU3	351	26
YBU4	351	34.8
YBB2	354	28.4
YBB3	354	23
YBD2	354	19.9
YBD3	354	23.4
YBD4	354	23
YBH4	354	22.9
YBK4	354	40
YBS1	354	35
YBS2	354	39.3
YBS3	354	29.4
YBS4	354	39.5
YBT1	354	35.5
YBT2	354	23
YBT3	354	32.4
YBT4	354	30.4
YBU1	354	38.3
YBU2	354	33.9
YBU3	354	26
YBU4	354	35.2
YBB2	356	27.2
YBB3	356	22.7
YBD2	356	19.9
YBD3	356	23.4
YBD4	356	23.2
YBK4	356	41.3
YBS1	356	36.6
YBS2	356	39.4
YBS3	356	30.8
YBS4	356	40.6
YBT1	356	35.8
YBT2	356	22.9
YBT3	356	32.3
YBT4	356	30.6
YBU1	356	38.4
YBU2	356	33.8
YBU3	356	25.8
YBU4	356	33.2
YBB2	358	26.7
YBB3	358	22
YBD2	358	19.6
YBD3	358	23.8
YBD4	358	22.9
YBK4	358	41.4
YBS1	358	36.6
YBS2	358	39.3
YBS3	358	31.4
YBS4	358	40.4
YBT1	358	35.2
YBT2	358	23
YBT3	358	32.4
YBT4	358	30.3
YBU1	358	39.1
YBU2	358	33.8
YBU3	358	25.3
YBU4	358	34
YBB2	361	26.7
YBB3	361	22
YBD2	361	19.2
YBD3	361	24.1
YBD4	361	22.6
YBK4	361	41.1
YBS1	361	36.1
YBS2	361	39
YBS3	361	31.7
YBS4	361	40.4
YBT1	361	35.1
YBT2	361	23
YBT3	361	31.9
YBT4	361	30.1
YBU1	361	39.3
YBU2	361	33.8
YBU3	361	25
YBU4	361	34.2
YBB2	363	27.2
YBB3	363	23.1
YBD2	363	20
YBD3	363	23.3
YBD4	363	22.9
YBK4	363	43.1
YBS1	363	36.8
YBS2	363	39.8
YBS3	363	31.1
YBS4	363	42.2
YBT1	363	35.4
YBT2	363	23.5
YBT3	363	32.6
YBT4	363	30.8
YBU1	363	39
YBU2	363	32.4
YBU3	363	25.8
YBU4	363	33.8
YBB2	365	27.1
YBB3	365	23.2
YBD2	365	19.5
YBD3	365	23.1
YBD4	365	22.9
YBK4	365	43.5
YBS1	365	36.5
YBS2	365	40.2
YBS3	365	31.7
YBS4	365	41.9
YBT1	365	35.8
YBT2	365	23
YBT3	365	33.1
YBT4	365	30.2
YBU1	365	38.5
YBU2	365	31.9
YBU3	365	26.4
YBU4	365	33.8
YBB2	368	27
YBB3	368	23.7
YBD2	368	19.7
YBD3	368	22.8
YBD4	368	21.9
YBK4	368	43.2
YBS1	368	36.6
YBS2	368	40.4
YBS3	368	31.8
YBS4	368	42.9
YBT1	368	36.3
YBT2	368	23
YBT3	368	32.9
YBT4	368	30.8
YBU1	368	37.6
YBU2	368	31.7
YBU3	368	25.5
YBU4	368	35.1
YBB2	370	26.7
YBB3	370	23.4
YBD3	370	23.3
YBD4	370	22.1
YBK4	370	43.4
YBS1	370	36.6
YBS2	370	40
YBS3	370	31.8
YBS4	370	42.9
YBT1	370	37.7
YBT2	370	23.3
YBT3	370	33
YBT4	370	31.1
YBU1	370	37.1
YBU2	370	31.6
YBU3	370	25.5
YBU4	370	35.2
YBB2	377	25.6
YBB3	377	23
YBD3	377	23.9
YBD4	377	22.5
YBK4	377	44.8
YBS1	377	36.6
YBS2	377	39.2
YBS3	377	31.9
YBS4	377	42.4
YBT1	377	37.2
YBT2	377	23.6
YBT3	377	33.5
YBT4	377	31.7
YBU1	377	36.9
YBU2	377	31
YBU3	377	24
YBU4	377	35.8
YBB2	379	25.2
YBB3	379	22.8
YBD3	379	23.9
YBD4	379	22.7
YBK4	379	49
YBS1	379	36.2
YBS2	379	39
YBS3	379	32.1
YBS4	379	42.3
YBT1	379	36.9
YBT2	379	23.6
YBT3	379	33.7
YBT4	379	31.7
YBU1	379	36.6
YBU2	379	31
YBU3	379	24.2
YBU4	379	35.9
YBB2	382	26
YBB3	382	23.5
YBD3	382	23.5
YBD4	382	22.2
YBK4	382	46.5
YBS1	382	36.6
YBS2	382	39.4
YBS3	382	32.3
YBS4	382	43
YBT1	382	36.7
YBT2	382	23.6
YBT3	382	34.3
YBT4	382	31.8
YBU1	382	38.3
YBU2	382	30.8
YBU3	382	23.2
YBU4	382	34
YBB2	384	26
YBB3	384	23
YBD3	384	23.2
YBD4	384	21.8
YBK4	384	45.5
YBS1	384	36.6
YBS2	384	39.5
YBS3	384	31.6
YBS4	384	42.9
YBT1	384	36.5
YBT2	384	23.6
YBT3	384	34.1
YBT4	384	31.8
YBU1	384	38.4
YBU2	384	30.8
YBU3	384	23.8
YBU4	384	34.4
YBB2	386	26.3
YBB3	386	23.5
YBD3	386	23.5
YBD4	386	22.3
YBK4	386	44.4
YBS1	386	37.6
YBS2	386	39.9
YBS3	386	31.7
YBS4	386	43.8
YBT1	386	37.2
YBT2	386	23.2
YBT3	386	34.9
YBT4	386	31.8
YBU1	386	38.6
YBU2	386	31.9
YBU3	386	23.1
YBU4	386	35.4
YBB2	389	26.1
YBB3	389	23.3
YBD3	389	23.9
YBD4	389	22
YBK4	389	44.1
YBS1	389	37.3
YBS2	389	40.1
YBS3	389	31.7
YBS4	389	43.8
YBT1	389	37.5
YBT2	389	23
YBT3	389	35.2
YBT4	389	31.9
YBU1	389	38.9
YBU2	389	32.2
YBU4	389	35.1
YBB2	391	24.9
YBB3	391	22.2
YBD3	391	22.4
YBD4	391	21.6
YBK4	391	43.6
YBS1	391	37.2
YBS2	391	38.6
YBS3	391	31.3
YBS4	391	43.2
YBT1	391	36.5
YBT2	391	22.6
YBT3	391	33.8
YBT4	391	30.8
YBU1	391	38
YBU2	391	30.6
YBU4	391	35.8
YBB2	393	25.3
YBB3	393	22.7
YBD3	393	22.4
YBD4	393	21.3
YBK4	393	45.7
YBS1	393	38.4
YBS2	393	38.4
YBS3	393	31.6
YBS4	393	44.4
YBT1	393	36.7
YBT2	393	23
YBT3	393	33.2
YBT4	393	31
YBU1	393	38.7
YBU2	393	30.8
YBU4	393	36.1
YBB2	396	25
YBB3	396	22.9
YBD3	396	22.1
YBD4	396	21.1
YBK4	396	45.4
YBS1	396	38.1
YBS2	396	38.4
YBS3	396	31.9
YBS4	396	44.5
YBT1	396	36.2
YBT2	396	23
YBT3	396	32.8
YBT4	396	31.4
YBU1	396	39.1
YBU2	396	31.1
YBU4	396	36
YBB2	400	24.6
YBB3	400	22.5
YBD3	400	21.7
YBD4	400	21
YBK4	400	43.9
YBS1	400	37.9
YBS2	400	38.1
YBS3	400	32
YBS4	400	44.3
YBT1	400	35.9
YBT2	400	22.8
YBT3	400	32.5
YBT4	400	31.6
YBU1	400	39
YBU2	400	30.8
YBU4	400	36
YBB2	403	24.4
YBB3	403	22.6
YBD3	403	21.5
YBD4	403	21
YBK4	403	43.7
YBS1	403	37.6
YBS2	403	38
YBS3	403	32
YBS4	403	44.5
YBT1	403	35.5
YBT2	403	22.9
YBT3	403	32.1
YBT4	403	31.6
YBU1	403	39
YBU2	403	30.6
YBU4	403	35.8
YBB2	405	24.3
YBB3	405	21.9
YBD3	405	22.6
YBD4	405	21.5
YBK4	405	46.5
YBS1	405	38.6
YBS2	405	37
YBS3	405	32.3
YBS4	405	43
YBT1	405	37.2
YBT2	405	23
YBT3	405	32.8
YBT4	405	31.2
YBU1	405	38.2
YBU2	405	32.1
YBU4	405	35.1
YBB2	407	24.4
YBB3	407	21.9
YBD3	407	22.3
YBD4	407	21.5
YBK4	407	45.8
YBS1	407	38.8
YBS2	407	37.3
YBS3	407	32.6
YBS4	407	43.5
YBT1	407	37.5
YBT2	407	23.2
YBT3	407	33.3
YBT4	407	31
YBU1	407	38.6
YBU2	407	32.2
YBU4	407	35.7
YBB2	410	24.8
YBB3	410	21.7
YBD3	410	21.6
YBD4	410	21.4
YBK4	410	46.3
YBS1	410	39
YBS2	410	36.7
YBS3	410	32.8
YBS4	410	43.5
YBT1	410	38.2
YBT2	410	23.5
YBT3	410	33.6
YBT4	410	31.2
YBU1	410	39.2
YBU2	410	32.7
YBU4	410	36.5
YBB2	412	25.4
YBB3	412	22
YBD3	412	22.1
YBD4	412	21.4
YBK4	412	47
YBS1	412	39.7
YBS2	412	37
YBS3	412	33
YBS4	412	43.5
YBT1	412	38
YBT2	412	23.7
YBT3	412	33.6
YBT4	412	31.1
YBU1	412	39.5
YBU2	412	33.1
YBU4	412	36.8
YBB2	414	25.1
YBB3	414	22
YBD3	414	21.8
YBD4	414	21.5
YBK4	414	46.8
YBS1	414	39.4
YBS2	414	37
YBS3	414	33
YBS4	414	43.3
YBT1	414	38
YBT2	414	23.9
YBT3	414	33.4
YBT4	414	31.3
YBU1	414	39.4
YBU2	414	32.8
YBU4	414	36.8
YBB2	417	23.7
YBB3	417	21
YBD3	417	21.5
YBD4	417	20.8
YBK4	417	44.1
YBS1	417	39.1
YBS2	417	37.3
YBS3	417	33.1
YBS4	417	43.1
YBT1	417	37.8
YBT2	417	24.3
YBT3	417	33.4
YBT4	417	31.1
YBU1	417	39.3
YBU2	417	32.2
YBU4	417	36.4
YBB2	419	23.3
YBB3	419	21.1
YBD3	419	21.4
YBD4	419	20.7
YBK4	419	43.8
YBS1	419	39.3
YBS2	419	37.1
YBS3	419	33.2
YBS4	419	43.6
YBT1	419	38.1
YBT2	419	24.5
YBT3	419	33.1
YBT4	419	31
YBU1	419	39.6
YBU2	419	32
YBU4	419	36.2
YBB2	421	23.4
YBB3	421	21.1
YBD3	421	21.7
YBD4	421	20.1
YBK4	421	43.5
YBS1	421	39.5
YBS2	421	36.5
YBS3	421	33.1
YBS4	421	42.5
YBT1	421	39.2
YBT2	421	23.4
YBT3	421	34.1
YBT4	421	31.7
YBU1	421	38.7
YBU2	421	31.7
YBU4	421	35.4
YBB2	428	24.4
YBB3	428	21.8
YBD3	428	19.3
YBD4	428	20
YBK4	428	44.4
YBS1	428	40.8
YBS2	428	37.2
YBS3	428	34.3
YBS4	428	43.2
YBT1	428	39.9
YBT2	428	24.3
YBT3	428	34.6
YBT4	428	33.1
YBU1	428	40.7
YBU2	428	32.3
YBU4	428	36.1
YBB2	431	23.9
YBB3	431	20.4
YBD3	431	18.7
YBD4	431	19.3
YBK4	431	43.2
YBS1	431	40.9
YBS2	431	37
YBS3	431	33.9
YBS4	431	42.9
YBT1	431	39.2
YBT2	431	24.1
YBT3	431	33.8
YBT4	431	32.2
YBU1	431	40.2
YBU2	431	30.4
YBU4	431	34.5
YBB2	433	23.9
YBB3	433	21.5
YBD3	433	20.3
YBD4	433	20.2
YBK4	433	44.9
YBS1	433	40.8
YBS2	433	37.2
YBS3	433	34.1
YBS4	433	42.7
YBT1	433	38.9
YBT2	433	24.5
YBT3	433	33.6
YBT4	433	32
YBU1	433	40.3
YBU2	433	30.1
YBU4	433	34.2
YBB2	435	24
YBB3	435	21.3
YBD3	435	20
YBD4	435	20.4
YBK4	435	44.8
YBS1	435	40.4
YBS2	435	36.8
YBS3	435	34.6
YBS4	435	43.3
YBT1	435	38.4
YBT2	435	24.6
YBT3	435	34.2
YBT4	435	32
YBU1	435	40.9
YBU2	435	31.2
YBU4	435	33.3
YBB2	438	24
YBB3	438	21
YBD3	438	20.5
YBD4	438	20.1
YBK4	438	45
YBS1	438	40.8
YBS2	438	36.2
YBS3	438	35.1
YBS4	438	43.9
YBT1	438	38.1
YBT2	438	24.2
YBT3	438	34.7
YBT4	438	31.9
YBU1	438	41.1
YBU2	438	31
YBU4	438	33
YBB2	440	22.3
YBB3	440	19.9
YBD3	440	17.9
YBD4	440	18
YBK4	440	44.4
YBS1	440	40.1
YBS2	440	35.9
YBS3	440	35.4
YBS4	440	44
YBT1	440	37.9
YBT2	440	24.5
YBT3	440	34.3
YBT4	440	31.7
YBU1	440	41
YBU2	440	31.4
YBU4	440	33
YBB2	442	22
YBB3	442	18.8
YBD3	442	17.3
YBK4	442	43.2
YBS1	442	40.9
YBS2	442	36.9
YBS3	442	32.9
YBS4	442	43.5
YBT1	442	38.4
YBT2	442	32.8
YBT3	442	34.2
YBT4	442	32
YBU1	442	40.1
YBU2	442	31.2
YBU4	442	30.8
YBB2	445	21.7
YBB3	445	17.6
YBK4	445	41.3
YBS1	445	40.7
YBS2	445	37
YBS3	445	32.7
YBS4	445	44.3
YBT1	445	38.7
YBT2	445	23.9
YBT3	445	34.1
YBT4	445	32.1
YBU1	445	41.1
YBU2	445	32.4
YBU4	445	30.1
YBB2	447	21.2
YBK4	447	43.3
YBS1	447	41
YBS2	447	36.9
YBS3	447	33.7
YBS4	447	44.1
YBT1	447	39.5
YBT2	447	24.2
YBT3	447	34.6
YBT4	447	32.6
YBU1	447	41.9
YBU2	447	32.7
YBU4	447	30.4
YBB2	449	20.9
YBK4	449	43.7
YBS1	449	41
YBS2	449	37.2
YBS3	449	33.9
YBS4	449	44
YBT1	449	39.7
YBT2	449	24.5
YBT3	449	37.3
YBT4	449	33
YBU1	449	41.6
YBU2	449	37.5
YBB2	452	20.9
YBK4	452	43.6
YBS1	452	41.9
YBS2	452	36.5
YBS3	452	33.6
YBS4	452	42.4
YBT1	452	39.3
YBT2	452	24.3
YBT3	452	35.4
YBT4	452	33
YBU1	452	41.6
YBU2	452	33.8
YBB2	454	21.1
YBK4	454	43.1
YBS1	454	41.6
YBS2	454	36.3
YBS3	454	33.3
YBS4	454	42.1
YBT1	454	39.4
YBT2	454	24
YBT3	454	35.2
YBT4	454	32.7
YBU1	454	41.2
YBU2	454	33.6
YBB2	456	21.2
YBK4	456	43.2
YBS1	456	41.2
YBS2	456	36.8
YBS3	456	33
YBS4	456	42.6
YBT1	456	39.8
YBT2	456	24.3
YBT3	456	34.6
YBT4	456	33.1
YBU1	456	41.9
YBU2	456	32.7
YBB2	459	20.6
YBK4	459	40
YBS1	459	41
YBS2	459	36.5
YBS3	459	33.6
YBS4	459	42.3
YBT1	459	38.2
YBT2	459	23.2
YBT3	459	34.4
YBT4	459	32.1
YBU1	459	40.5
YBU2	459	32.3
YBB2	461	19.6
YBK4	461	38.3
YBS1	461	41.6
YBS2	461	36.9
YBS3	461	33.2
YBS4	461	43.1
YBT1	461	40.6
YBT2	461	24.1
YBT3	461	35.3
YBT4	461	33
YBU1	461	41
YBU2	461	33.8
YBK4	463	38.7
YBS1	463	41.7
YBS2	463	35.8
YBS3	463	33
YBS4	463	42.5
YBT1	463	39.8
YBT2	463	24.2
YBT3	463	34.9
YBT4	463	33
YBU1	463	41.2
YBU2	463	32.9
YBK4	466	38.7
YBS1	466	41.6
YBS2	466	35.5
YBS3	466	33
YBS4	466	42.1
YBT1	466	39.5
YBT2	466	24.2
YBT3	466	35
YBT4	466	32.8
YBU1	466	41.1
YBU2	466	32.6
YBK4	468	39
YBS1	468	42.9
YBS2	468	36.5
YBS3	468	34.3
YBS4	468	43
YBT1	468	40.1
YBT2	468	24.5
YBT3	468	35.8
YBT4	468	33.2
YBU1	468	40.9
YBU2	468	31.2
YBK4	470	40
YBS1	470	43
YBS2	470	35.8
YBS3	470	33.9
YBS4	470	42.6
YBT1	470	40.3
YBT2	470	24
YBT3	470	35.8
YBT4	470	32.8
YBU1	470	41.5
YBU2	470	31.2
YBK4	473	40.4
YBS1	473	42.8
YBS2	473	35.2
YBS3	473	33.4
YBS4	473	42.1
YBT1	473	40
YBT2	473	23.7
YBT3	473	35.9
YBT4	473	32.7
YBU1	473	41.8
YBU2	473	31
YBK4	475	39.3
YBS1	475	41.9
YBS2	475	35
YBS3	475	33.7
YBS4	475	42
YBT1	475	40.2
YBT2	475	23.9
YBT3	475	35.7
YBT4	475	32.8
YBU1	475	41.1
YBU2	475	29.2
YBK4	477	40.3
YBS1	477	41.9
YBS2	477	34.1
YBS3	477	34.3
YBS4	477	42.2
YBT1	477	40.4
YBT2	477	23.9
YBT3	477	35
YBT4	477	32.2
YBU1	477	40.9
YBU2	477	30
YBK4	480	39
YBS1	480	41.5
YBS2	480	33.6
YBS3	480	34.7
YBS4	480	40.8
YBT1	480	40.3
YBT2	480	23.6
YBT3	480	34.2
YBT4	480	32.5
YBU1	480	40.8
YBU2	480	29.9
YBK4	482	39
YBS1	482	41.2
YBS2	482	33.9
YBS3	482	34.9
YBS4	482	40.8
YBT1	482	40.7
YBT2	482	24.3
YBT3	482	34.1
YBT4	482	32.5
YBU1	482	40.4
YBU2	482	29.9
YBK4	484	38.8
YBS1	484	41.9
YBS2	484	33.8
YBS3	484	34.6
YBS4	484	40.1
YBT1	484	40.6
YBT2	484	23.8
YBT3	484	34.6
YBT4	484	32.5
YBU1	484	41
YBU2	484	29.2
YBK4	487	39
YBS1	487	42
YBS2	487	32.4
YBS3	487	33.1
YBS4	487	41.3
YBT1	487	41
YBT2	487	23.9
YBT3	487	34.7
YBT4	487	32.7
YBU1	487	40.6
YBU2	487	27.6
YBK4	489	38.4
YBS1	489	41.2
YBS2	489	32.1
YBS3	489	33
YBS4	489	41.5
YBT1	489	41
YBT2	489	24.1
YBT3	489	35.2
YBT4	489	33.2
YBU1	489	40.3
YBU2	489	27.5
YBK4	491	38
YBS1	491	41
YBS2	491	31.8
YBS3	491	33
YBS4	491	41.7
YBT1	491	40.8
YBT2	491	24.7
YBT3	491	35
YBT4	491	33.4
YBU1	491	40.1
YBU2	491	27.5
YBK4	494	40.2
YBS1	494	42.1
YBS2	494	25.6
YBS3	494	33.8
YBS4	494	40
YBT1	494	41.1
YBT2	494	24.6
YBT3	494	35.3
YBT4	494	33.3
YBU1	494	40.4
YBU2	494	29.2
YBK4	496	37.8
YBS1	496	42.5
YBS2	496	24.3
YBS3	496	33.9
YBS4	496	41.5
YBT1	496	40.9
YBT2	496	24.1
YBT3	496	34.8
YBT4	496	32.8
YBU1	496	38.6
YBU2	496	28.1
YBK4	498	39.1
YBS1	498	42.6
YBS2	498	24.1
YBS3	498	34
YBS4	498	41.7
YBT1	498	41.1
YBT2	498	24.3
YBT3	498	34.9
YBT4	498	33
YBU1	498	38.6
YBU2	498	28.5
YBK4	501	39.6
YBS1	501	43.2
YBS2	501	23.9
YBS3	501	34
YBS4	501	39.7
YBT1	501	41.9
YBT2	501	24.8
YBT3	501	35.3
YBT4	501	32.6
YBU1	501	40
YBU2	501	28.3
